booking_id,service_id,user_id,quote_id,image_id,description,status,scheduled_date,comment,created_at
1,129,223,,,Learn run might than customer.,In Progress,2024-07-11 18:07:43,Everyone evening enough rather our.,2025-05-17 17:57:47
2,209,21,,,Sing there blue inside drug drug about my.,accepted,2024-07-18 13:55:34,Pass evening difference course enjoy certain.,2025-02-19 10:55:53
3,295,169,,,Nation politics development.,declined,2024-11-30 08:06:30,Analysis wind goal move.,2025-01-05 07:45:45
4,267,68,,,Office affect happy method should special senior.,pending,2024-11-07 08:31:01,Name herself smile between guess by.,2025-01-25 20:42:12
5,223,144,,,Serious side financial age myself vote employee economic.,accepted,2025-02-06 14:52:12,Its price above drive.,2025-04-06 23:33:22
6,66,294,,,Affect more eye challenge nearly point purpose.,accepted,2025-05-26 21:08:23,It range tax on.,2025-06-21 17:24:58
7,51,148,,,Meeting total which force fact style their.,accepted,2024-09-23 05:11:29,Subject another care seat start really.,2025-06-06 20:11:57
8,117,295,,,Actually doctor boy image north site analysis.,completed,2025-03-04 01:43:39,Many finish prepare environmental morning find.,2025-04-05 00:12:46
9,107,48,,,While ok popular report national type Democrat.,declined,2025-01-25 17:01:08,Plan quickly board simply control.,2025-03-02 11:26:49
10,197,36,,,Clearly age size entire list major.,accepted,2024-09-12 18:26:50,Be cell player provide network success.,2025-04-06 17:27:14
11,270,242,,,Lawyer tend include total discussion finally.,accepted,2024-08-17 07:45:52,Recent product still impact station north there.,2025-04-12 12:34:17
12,263,266,,,Finish radio among can way owner.,In Progress,2025-04-16 18:59:25,Stay air interview want trouble.,2025-02-18 02:06:59
13,97,77,,,Development lead fire team require.,accepted,2025-03-04 23:00:50,Piece mother strategy address great point.,2025-02-16 15:13:15
14,264,254,,,Us civil bill culture possible traditional per.,completed,2024-09-27 16:24:03,Federal including Mrs decide.,2025-04-13 13:37:14
15,255,10,,,Speak notice determine amount instead lay finally.,pending,2025-06-12 18:48:35,Find maybe figure might speech.,2025-03-12 21:17:42
16,219,3,,,However always floor stay.,declined,2025-02-18 15:07:13,Direction term reduce collection.,2025-03-29 15:09:10
17,125,223,,,Important form environment act.,In Progress,2024-11-07 15:55:32,Issue inside figure training country.,2025-06-09 06:30:43
18,166,170,,,Movie ahead attention or near trade president.,declined,2025-03-08 21:39:54,What read without become statement mouth sign.,2025-04-28 18:49:21
19,131,132,,,Different half century.,declined,2025-06-26 06:03:43,Wonder newspaper wish.,2025-03-22 23:11:50
20,8,201,,,Attorney tough help we after late customer.,accepted,2024-08-12 14:35:04,Economy lay finish because relationship woman change.,2025-06-09 20:20:02
21,80,236,,,Discover somebody truth among gas.,accepted,2024-12-04 05:38:32,Foreign series better.,2025-04-17 12:50:30
22,185,274,,,Teach arm product reveal.,In Progress,2024-11-10 14:22:06,Art administration keep onto officer north girl.,2025-01-05 22:48:16
23,23,149,,,Middle why Mr international protect risk field.,pending,2024-07-31 01:22:10,Near area author plan church management.,2025-04-29 22:10:18
24,208,284,,,Fast either pressure another.,In Progress,2024-10-06 19:05:22,Site attention model threat.,2025-01-20 21:46:09
25,143,176,,,Health eight fear coach.,completed,2024-07-20 12:27:26,Ahead manager side reality hospital.,2025-05-28 08:29:20
26,171,216,,,Successful child adult trial.,declined,2025-02-18 12:40:36,Carry piece yeah defense.,2025-06-29 15:13:07
27,34,232,,,Building nice well address magazine yeah sort.,pending,2025-04-20 13:05:07,Actually others big apply.,2025-01-20 08:37:26
28,11,71,,,Its doctor deep picture under century.,In Progress,2024-09-28 21:10:14,Force public certainly.,2025-01-10 04:01:42
29,29,10,,,Recently but entire spend law five south strategy.,accepted,2024-10-19 17:52:53,Crime anything through how concern indicate serious.,2025-06-15 04:51:48
30,104,220,,,That behavior call radio begin include.,In Progress,2025-01-29 21:37:09,Important win measure language receive.,2025-03-26 11:52:09
31,252,109,,,Give look read summer common same.,pending,2024-08-09 09:10:15,Game science both Congress create.,2025-01-31 02:13:54
32,47,258,,,Those together prevent world amount foot performance sort.,declined,2025-01-10 11:53:54,Major music focus quickly amount forward help body.,2025-02-16 18:05:35
33,31,57,,,Professional sense resource focus ball every message three.,In Progress,2024-07-22 19:36:30,Begin recently fish upon during.,2025-03-12 23:14:28
34,171,184,,,Enjoy grow increase beyond again special.,pending,2025-06-17 04:12:35,Clear over guy hold nothing reason miss.,2025-06-20 07:05:30
35,299,102,,,Strategy for every continue.,accepted,2024-08-15 15:07:06,Bad himself save wear.,2025-01-29 12:35:51
36,38,43,,,Source discussion down resource beat.,declined,2025-03-26 18:12:11,Commercial pay phone purpose.,2025-05-04 00:20:39
37,198,51,,,Account vote family sit.,pending,2024-12-26 22:53:56,Alone ten reveal so sit five require.,2025-06-21 23:37:13
38,262,195,,,Write despite short general realize.,pending,2024-10-16 01:31:16,Pattern mention condition three way.,2025-03-19 03:01:37
39,3,161,,,Catch science animal figure assume school why.,accepted,2025-02-27 14:41:30,Herself his smile opportunity.,2025-04-24 18:58:39
40,107,2,,,Produce choice political career behavior former.,completed,2024-10-12 03:35:36,Deep continue mention.,2025-07-06 09:38:07
41,18,71,,,Model author can example environment.,completed,2025-04-10 12:19:09,Play surface sell view happy evidence mother.,2025-05-26 06:38:49
42,11,110,,,Study entire way light yet prevent.,completed,2025-03-28 00:42:06,Describe can entire pay animal offer box growth.,2025-03-14 18:56:38
43,227,93,,,Heart consider own hit.,declined,2025-06-01 13:17:12,Without involve street night million least possible.,2025-06-07 13:29:35
44,30,155,,,Industry scientist red feel.,completed,2025-07-04 19:19:16,Ability prove make name like join property.,2025-03-22 23:09:25
45,261,61,,,Decision thus probably anything blue analysis.,accepted,2025-01-05 04:28:41,Available activity style direction husband however fear.,2025-04-27 14:32:04
46,201,60,,,Crime sure appear center.,pending,2025-04-09 18:55:10,Medical subject in movement team truth.,2025-01-18 01:38:49
47,157,233,,,Different decision between care involve property.,pending,2024-10-05 19:21:26,Whose race option community.,2025-06-30 01:43:28
48,105,28,,,Television character up and style white she.,accepted,2024-08-30 12:12:58,Mission full party huge movement threat what tough.,2025-06-29 04:54:04
49,18,198,,,Far culture offer.,accepted,2025-05-08 20:56:59,Without young determine north.,2025-05-15 18:44:59
50,282,286,,,Service own physical senior meet but score.,In Progress,2024-08-25 18:38:36,Avoid prove send receive although recently.,2025-04-24 17:39:57
51,256,106,,,Term as local trouble only once.,pending,2025-05-19 17:58:53,Use society possible leg arm our.,2025-07-04 23:34:50
52,199,109,,,Mrs foot no.,pending,2025-06-10 22:42:04,Across let poor compare watch.,2025-05-31 13:00:54
53,207,210,,,Floor charge investment together about.,accepted,2024-11-24 11:17:26,Difficult head itself field property first agency rather.,2025-04-20 21:55:59
54,104,1,,,Decade building very store sell future.,completed,2024-10-28 15:09:36,Vote hotel none medical tree purpose once.,2025-05-19 04:26:35
55,53,207,,,Education any forget beautiful item.,completed,2024-10-06 23:41:23,For magazine suddenly require cup include.,2025-05-26 03:49:09
56,189,235,,,Around sign position then simply.,In Progress,2025-03-22 20:18:36,Yourself week finally save.,2025-05-23 11:39:08
57,191,137,,,Sister save wall doctor.,completed,2024-10-26 16:59:59,Deep citizen finish fast force doctor body.,2025-02-27 19:08:48
58,166,50,,,Line sell activity reason piece TV.,pending,2025-02-24 18:18:00,Sense happy change party cold serious.,2025-03-22 14:26:34
59,89,286,,,Peace if worry economy face rest.,In Progress,2024-11-19 21:27:44,Public order cultural hold front model.,2025-04-24 07:05:35
60,36,204,,,Next theory middle network successful.,completed,2024-12-13 08:44:09,Seven answer program garden deal world.,2025-02-05 16:29:54
61,283,196,,,They later mind.,In Progress,2025-05-27 19:24:02,Few cell paper price after.,2025-04-09 02:49:44
62,1,125,,,Four camera radio race ago whole.,In Progress,2025-04-01 12:57:14,Company foot page people not culture.,2025-06-15 19:15:21
63,146,28,,,Consumer professor produce sister floor.,accepted,2024-11-15 06:58:43,Particularly wear particularly value coach political.,2025-04-12 09:30:45
64,290,157,,,Follow contain green another air instead thank.,pending,2025-03-27 06:06:06,Their expect purpose now against reduce dinner.,2025-01-17 02:39:40
65,190,156,,,Will eye half some right we approach.,pending,2025-01-28 18:27:07,Bit author large ok citizen budget article.,2025-04-10 02:16:03
66,124,81,,,Store campaign resource commercial begin leg.,declined,2025-04-09 00:47:43,Around government arrive security.,2025-02-06 02:49:30
67,109,140,,,Else physical huge age group four.,In Progress,2024-12-31 09:50:26,Level live or protect try include likely.,2025-04-22 04:32:28
68,212,156,,,Trip science early plan along successful tough.,accepted,2024-09-27 19:58:19,Mean dream run leg laugh threat find need.,2025-03-01 14:10:55
69,42,217,,,Should fund grow heart box detail industry.,completed,2025-07-07 13:57:24,Talk with hundred by reduce I.,2025-03-07 09:51:14
70,245,295,,,Rich city determine foot year more.,In Progress,2025-04-02 07:44:56,However door carry sister staff building.,2025-06-07 03:42:06
71,214,84,,,Newspaper radio huge industry collection.,completed,2025-03-09 16:38:04,Read approach blue.,2025-04-15 04:27:02
72,139,177,,,Sister catch blue hard single young you.,In Progress,2024-11-14 09:03:53,This home cover garden form debate.,2025-06-03 21:05:33
73,193,294,,,Science cause able test occur explain cover still.,completed,2024-10-04 06:55:43,Policy happen grow think nation method.,2025-02-22 19:00:06
74,168,191,,,Clear watch under ask event control purpose east.,pending,2024-09-01 11:19:31,Blue prepare approach research should bit federal.,2025-04-16 05:10:34
75,65,166,,,Practice begin after hotel free evening.,In Progress,2024-11-03 01:10:27,Thing other however stuff.,2025-03-14 09:51:49
76,158,5,,,Well son join night.,In Progress,2025-04-15 12:17:24,Lot conference within voice mouth big.,2025-06-28 11:13:59
77,251,38,,,Even federal ahead glass nice stock travel.,accepted,2024-12-20 07:38:50,Religious figure support more stage hour ball analysis.,2025-05-01 05:07:22
78,148,223,,,Phone official kitchen until morning them fish.,completed,2025-06-15 15:55:11,Including challenge well agency fall authority.,2025-05-31 18:04:31
79,274,97,,,Last sister likely early.,declined,2024-10-16 05:55:18,Pretty ok fight exactly quite would commercial.,2025-02-26 04:59:17
80,3,48,,,Image small size toward.,In Progress,2025-03-19 19:36:04,Hard imagine evening leader mind hotel reality.,2025-05-06 22:37:20
81,161,82,,,Often lawyer your unit.,In Progress,2024-12-06 18:23:15,Heavy society life more.,2025-04-10 09:44:14
82,245,196,,,Trouble author quite task sure develop cover.,In Progress,2024-07-23 08:01:46,Campaign both special traditional fight recognize.,2025-05-31 09:51:23
83,254,250,,,Turn hospital let note manage.,In Progress,2025-06-23 11:05:40,Industry quite million light.,2025-01-20 17:55:24
84,206,147,,,Body country include accept.,declined,2025-05-16 18:43:04,Level imagine name others prevent.,2025-05-20 07:26:39
85,173,154,,,We road he.,accepted,2025-03-27 02:49:36,Seem piece around throughout.,2025-01-18 23:58:10
86,233,217,,,Employee later degree yeah economy life cold.,declined,2025-06-19 10:58:58,Everything option section realize main establish half company.,2025-04-25 19:28:06
87,63,142,,,Lose sense technology discover design.,completed,2024-12-09 20:49:37,Gas always put until risk.,2025-05-04 07:53:09
88,104,134,,,Including available wide stand trade amount.,completed,2025-06-17 08:12:12,Make interest spend job.,2025-03-24 20:42:28
89,273,1,,,It yet memory record camera prevent.,accepted,2025-04-16 12:35:02,Most reach air example treatment computer leader new.,2025-02-27 12:09:01
90,113,84,,,Phone eye weight husband.,In Progress,2025-01-26 00:45:04,Area region back join next despite base so.,2025-01-02 21:47:41
91,130,81,,,National put wind say well message floor.,completed,2025-01-16 23:54:34,Future local actually mention smile we crime I.,2025-01-29 11:35:12
92,127,187,,,Already room around think bed.,In Progress,2025-06-26 18:15:42,Positive wall wall time over.,2025-04-10 00:29:08
93,109,225,,,State mission ever stock.,declined,2025-06-12 23:34:18,Price stay American quality produce should.,2025-02-14 00:46:43
94,298,17,,,Material arrive else peace.,completed,2025-04-19 10:20:57,Sort west he account personal whether.,2025-04-23 08:49:49
95,237,184,,,Weight region choose few his.,completed,2025-03-20 01:26:43,Read institution bag.,2025-06-30 11:32:30
96,233,22,,,City analysis everything create.,accepted,2024-12-25 14:04:43,Alone give everybody tax.,2025-05-28 22:03:56
97,89,38,,,Form central few about.,declined,2024-09-22 20:19:50,Character activity them pull sometimes organization experience issue.,2025-03-23 21:26:24
98,26,195,,,Reach part mention keep sister itself production.,declined,2024-09-02 08:00:58,Scene buy development.,2025-01-29 09:43:46
99,266,234,,,Understand grow high tough share here.,declined,2025-06-01 01:45:15,Large might open.,2025-04-23 03:49:56
100,217,65,,,Power century word floor.,In Progress,2024-07-29 07:52:11,Method store none history.,2025-03-06 08:54:38
101,145,215,,,Summer throughout create lay father director seem.,accepted,2024-07-26 07:50:18,Professional another community.,2025-04-02 18:05:25
102,257,285,,,His style your behind drug able.,pending,2024-12-22 09:25:16,Office design this.,2025-03-21 14:44:54
103,230,268,,,She serve enter newspaper.,In Progress,2024-07-09 15:14:49,Century night job wide.,2025-04-02 21:17:37
104,125,15,,,Financial opportunity table rather case life group.,accepted,2025-02-02 12:40:48,Everything other worry about nation item case.,2025-01-04 18:12:19
105,198,166,,,Mean under senior add key book.,completed,2024-09-11 12:00:02,Democrat development situation guess son do.,2025-07-01 03:45:02
106,152,117,,,Expert drop girl.,pending,2025-04-19 11:16:51,Later possible pass garden certain.,2025-02-03 12:42:59
107,211,221,,,International recently reduce into budget expect.,declined,2025-04-10 02:42:25,Into animal side.,2025-04-27 16:53:22
108,105,243,,,Cost include themselves across magazine.,completed,2025-06-02 11:06:28,Sing director imagine whom.,2025-01-29 07:30:09
109,206,141,,,More sometimes beautiful something foot relationship others.,completed,2025-07-08 10:25:23,Market billion ten.,2025-05-20 00:15:19
110,142,51,,,Prepare she activity where.,In Progress,2025-05-21 02:53:10,Word manager kitchen body eat.,2025-03-02 04:51:19
111,251,206,,,Dark suffer discuss member.,In Progress,2025-06-16 16:16:35,Agent power television according throw range.,2025-02-20 07:02:10
112,294,212,,,Age shake sport action hot.,pending,2024-11-23 05:55:51,Ten good beyond early.,2025-01-11 10:20:56
113,195,164,,,Budget professor raise poor performance.,pending,2024-11-16 01:14:18,Avoid sister international company maintain space behavior.,2025-06-22 06:28:30
114,192,194,,,Inside stuff with capital.,completed,2024-12-11 07:29:46,Technology image trial experience else fall.,2025-06-05 14:44:11
115,255,91,,,Dog factor industry.,declined,2024-09-05 18:36:23,Important determine number party be.,2025-05-14 01:23:24
116,74,69,,,Economy crime those fine student trade.,In Progress,2025-05-05 20:07:35,Produce stop bag food south catch water.,2025-03-02 17:01:01
117,26,229,,,Travel yard soldier modern foreign buy American sell.,completed,2025-05-28 04:55:11,Have at article prevent human may spring.,2025-04-03 15:49:58
118,163,208,,,Loss plan no imagine available look official.,pending,2024-07-18 12:12:14,Could behavior foot artist.,2025-03-08 21:10:09
119,133,265,,,Arm give table return job question send.,accepted,2025-05-12 13:47:05,Write rest learn attention soon operation.,2025-01-04 02:28:48
120,34,18,,,Ground begin example treat entire.,pending,2025-04-16 04:23:24,Herself whether party view year there stock.,2025-04-20 22:05:06
121,219,73,,,Small end reveal face stand consumer north.,completed,2025-02-23 21:42:15,Magazine expert level option energy.,2025-02-04 20:35:58
122,49,265,,,None form create investment network stock establish early.,pending,2025-04-02 15:26:20,Open shoulder loss maintain relate war.,2025-07-06 11:00:46
123,295,94,,,Story decision phone continue option.,accepted,2025-03-16 11:50:41,Base tax send heart general range.,2025-02-10 13:29:49
124,283,4,,,Majority back sense late lawyer.,completed,2024-07-29 19:09:56,Watch city well major.,2025-07-08 15:27:06
125,152,61,,,Mr rule evidence letter such safe.,declined,2024-08-02 17:29:05,Star least assume herself suggest.,2025-06-09 02:35:00
126,129,232,,,Century machine film person nice glass.,accepted,2025-05-22 05:25:11,Style ahead change individual art.,2025-03-02 17:08:01
127,7,145,,,Then offer drop.,declined,2024-12-16 18:44:24,Wrong road want responsibility hope image half large.,2025-06-25 00:43:45
128,142,49,,,Know strong write me.,In Progress,2024-07-17 21:16:03,Keep industry beat thus enough.,2025-02-15 20:05:33
129,222,278,,,Together party class social child this catch join.,pending,2024-09-30 02:11:30,Training since bag manage we.,2025-06-16 17:44:48
130,66,121,,,Onto move democratic most face brother time audience.,In Progress,2025-02-16 15:03:54,Suddenly break process international be sense.,2025-06-08 20:14:54
131,61,250,,,Item image miss history note.,pending,2024-09-26 09:16:24,Mother increase federal none between see.,2025-02-20 08:13:33
132,105,82,,,Film card behind rich security matter cultural.,declined,2024-07-15 21:25:18,Age behavior author garden week trial serious point.,2025-01-18 04:27:20
133,220,57,,,Administration think purpose her action attention court.,accepted,2024-08-25 23:08:33,Its board create begin.,2025-04-01 06:49:27
134,225,246,,,Economic question rate political get election identify.,completed,2025-02-21 08:18:02,Station against remember huge teacher method.,2025-07-05 16:49:15
135,31,264,,,Guy send cause something want tell station.,accepted,2024-07-09 18:35:25,Stock past finish space usually decade.,2025-06-12 05:05:08
136,88,179,,,Discover speak enough nature everybody professional.,In Progress,2025-05-26 06:45:59,Establish describe we agent those.,2025-06-03 10:56:30
137,139,90,,,Read against customer.,completed,2025-03-31 03:57:35,Again man care spend their father draw.,2025-05-20 22:36:25
138,113,31,,,Class big condition condition.,accepted,2024-08-18 01:08:54,Election cell could notice positive necessary true.,2025-05-17 22:23:47
139,129,273,,,Cell personal with her.,declined,2025-05-09 19:02:58,Term know if your seem.,2025-02-19 20:56:59
140,28,140,,,Picture notice move mind.,pending,2025-03-18 15:30:31,Learn cup prove explain say.,2025-03-04 01:04:46
141,286,64,,,Eat activity lay blood.,completed,2024-08-26 14:38:34,Every imagine choose hit detail boy daughter general.,2025-03-15 13:54:20
142,288,125,,,Article weight then put help wall seek.,In Progress,2025-04-12 21:05:31,Discussion even lot recent form hit.,2025-06-04 16:32:09
143,217,154,,,Recognize operation allow administration group affect subject.,completed,2024-12-21 12:13:04,Pick appear your they air not let tough.,2025-05-14 16:19:12
144,5,147,,,Health friend medical task Mrs expert into sell.,accepted,2024-12-11 08:50:52,Consumer west evidence floor whatever require.,2025-06-23 15:39:47
145,65,234,,,Hand course use campaign trial he learn.,declined,2024-08-16 14:41:14,Visit institution item their home store charge.,2025-04-27 23:17:53
146,51,267,,,Particularly choice player technology coach.,declined,2024-11-14 11:10:35,Speech number provide number.,2025-01-13 04:38:33
147,75,174,,,Ability receive stuff couple religious over peace.,In Progress,2025-04-17 15:36:41,Matter good still indicate.,2025-06-08 03:32:26
148,43,126,,,Forward purpose stand political director.,pending,2025-02-08 15:35:09,Do ago score measure.,2025-04-20 16:45:04
149,267,241,,,Score politics before crime score wish inside.,pending,2024-10-03 23:24:51,Manager summer kind score unit.,2025-05-21 13:17:35
150,226,161,,,Large short run set final always.,In Progress,2025-01-25 22:56:13,By anyone process cost.,2025-02-21 12:56:39
151,34,250,,,Agency career month reach glass white.,declined,2024-12-28 06:40:03,Democratic if fear audience.,2025-04-29 18:40:53
152,18,235,,,Away lot someone.,accepted,2024-09-07 13:29:23,Interview a member home.,2025-03-01 00:15:36
153,67,25,,,Politics tend over knowledge.,In Progress,2025-02-25 10:19:54,Recent choice southern size sure.,2025-06-19 02:48:07
154,182,249,,,Media employee thousand computer billion total example.,declined,2024-10-12 02:57:20,Improve democratic teach positive claim.,2025-02-27 19:42:15
155,168,84,,,Because top character issue either body.,In Progress,2025-03-18 22:50:54,Rock economic growth.,2025-05-18 06:03:47
156,96,180,,,Four radio radio look already feeling there.,completed,2025-02-04 15:51:30,War speech pay blood among community morning.,2025-01-10 07:04:53
157,4,94,,,Increase size wind.,completed,2025-03-20 06:14:40,Rest worker do its computer garden.,2025-04-14 05:20:12
158,208,181,,,Argue size notice color.,completed,2024-07-20 19:07:11,Election man drop above region be focus.,2025-05-02 01:44:13
159,219,93,,,Along manager mean step.,In Progress,2025-01-08 04:15:06,Also already series remember.,2025-05-19 17:40:43
160,35,90,,,One audience apply.,declined,2025-02-17 15:12:55,Large player certainly quality finally true consumer.,2025-05-30 00:29:33
161,282,263,,,Bit party site if crime air.,In Progress,2025-03-16 13:46:13,School political image return popular of trip hope.,2025-01-15 01:04:47
162,204,74,,,Month the fast beat stop lawyer particularly.,completed,2025-04-19 07:42:44,War decide break happy common reason necessary.,2025-06-08 04:05:52
163,94,134,,,Two fire provide budget I lay training after.,accepted,2024-12-19 23:16:32,However effort full or.,2025-01-05 22:47:54
164,150,153,,,Theory citizen candidate family price main.,pending,2025-04-04 18:22:29,Culture if Republican find.,2025-03-31 15:31:58
165,68,187,,,Issue billion if any perhaps partner speak too.,completed,2025-02-15 08:21:45,Different require over protect truth woman.,2025-05-10 21:05:10
166,148,194,,,Prove choice true finally positive seven later show.,accepted,2025-01-25 20:42:18,Fire at daughter.,2025-01-07 20:43:58
167,264,215,,,Fear movie us friend appear individual.,pending,2025-05-15 09:27:32,Or those media hope house.,2025-06-26 20:28:01
168,52,29,,,Value red station environmental room add water break.,completed,2025-02-02 07:29:54,Off type coach sense.,2025-06-01 11:00:40
169,136,54,,,Song main protect author chance.,In Progress,2024-08-03 16:31:12,Lot heart grow expert.,2025-03-30 19:01:45
170,290,19,,,Public body no mission.,declined,2025-05-11 07:32:42,Able even among along body.,2025-04-15 21:06:23
171,3,281,,,Chance wear to prove those floor opportunity foot.,completed,2025-03-16 23:11:58,Every occur night lead age court.,2025-03-02 01:54:20
172,138,187,,,Popular herself operation PM team war hold.,In Progress,2025-04-10 23:40:43,Between nor whether direction.,2025-02-18 17:37:33
173,131,202,,,Race continue rate marriage unit score.,completed,2025-04-12 00:06:50,Meet manager me near until.,2025-03-22 01:52:43
174,24,194,,,Relate call trip member adult outside whom.,In Progress,2024-11-26 02:02:02,Down pick me market.,2025-02-28 00:22:21
175,26,89,,,Probably coach continue between.,accepted,2024-09-28 00:22:23,Professional perform build.,2025-01-07 17:56:07
176,196,214,,,Eye help million yeah.,declined,2025-05-26 14:47:16,Kitchen affect act me professional leave soldier person.,2025-02-12 15:11:59
177,121,232,,,Pay arm baby determine both lose.,declined,2024-09-22 02:25:00,Person thus do at.,2025-05-06 22:50:27
178,177,59,,,Subject those ball want say report know.,accepted,2024-11-10 02:18:06,Health foreign teach popular front care many plan.,2025-03-13 10:19:03
179,179,137,,,Like anyone magazine know think indeed.,completed,2025-05-24 09:41:05,Different much create president.,2025-03-05 05:55:35
180,79,268,,,Easy structure seven account than medical.,accepted,2025-07-07 14:19:57,Some ten add resource face if.,2025-03-29 19:58:27
181,155,93,,,List idea defense woman represent positive strategy.,completed,2025-03-10 05:21:32,Position whether read.,2025-02-21 20:58:57
182,292,55,,,City vote sure meeting.,completed,2024-10-10 11:31:04,Parent military he debate evening hope.,2025-02-13 13:13:29
183,152,133,,,Glass nice dinner your.,In Progress,2024-10-29 05:39:51,Technology similar ahead because.,2025-03-13 02:41:27
184,186,71,,,Case bill there low measure however.,pending,2025-06-28 12:27:07,Yeah each beat.,2025-06-04 21:17:42
185,244,99,,,Fast still give in hope.,declined,2024-08-10 11:40:02,Field former despite life whom world.,2025-05-12 10:06:06
186,150,33,,,Sit public trip available purpose.,pending,2024-09-07 17:51:11,Possible send international tell major the.,2025-06-01 20:32:08
187,135,258,,,His main evidence what something treatment.,declined,2025-01-13 16:07:16,Who region full challenge fire instead marriage.,2025-06-23 19:21:29
188,274,256,,,Eight commercial individual begin sing shake loss foot.,declined,2025-04-09 12:23:26,Side anyone seat station threat board management.,2025-06-03 06:12:28
189,172,49,,,Wait able worry we cover performance.,completed,2025-04-15 07:25:15,Far candidate occur sign manager down color agent.,2025-07-04 03:02:39
190,18,23,,,Level film wide administration painting.,In Progress,2024-08-18 15:23:15,Travel I other.,2025-05-10 02:28:55
191,210,117,,,College man word culture cause see occur.,pending,2025-05-18 09:52:10,Successful ready process ahead.,2025-02-23 06:12:21
192,81,85,,,Environment cover month.,pending,2024-08-03 07:50:33,Series easy summer interest cover serve sell leg.,2025-06-26 18:03:59
193,17,276,,,Artist little game whatever thousand.,declined,2025-04-07 01:38:07,Week professional popular hundred offer.,2025-05-18 12:38:56
194,105,98,,,Improve though production eye hold front hand debate.,In Progress,2025-04-04 08:29:17,On time design hear attack sort record.,2025-01-23 23:42:33
195,98,241,,,Must quite end final effort realize.,pending,2025-01-26 00:37:55,Want remember red black between paper usually.,2025-05-03 18:47:04
196,198,275,,,Often back medical.,pending,2025-01-03 22:45:24,Front car institution although listen difficult.,2025-01-28 06:15:30
197,182,23,,,Staff show generation.,declined,2025-04-15 19:33:41,Campaign cup me laugh popular high.,2025-07-07 07:26:00
198,272,103,,,Perform also page school owner next about.,accepted,2025-02-14 16:03:04,Plan four second TV since story.,2025-01-11 04:45:14
199,298,108,,,Half look public behavior someone market knowledge.,completed,2025-04-27 13:44:02,Hair imagine ask sea give place foot.,2025-02-16 13:53:33
200,7,216,,,Woman mouth also reason free hit game speech.,accepted,2024-07-23 11:18:18,Former day method fight item quality give.,2025-06-13 18:51:20
201,178,31,,,Course support eat owner true.,accepted,2024-10-22 04:52:01,Phone law company writer table.,2025-04-06 13:54:55
202,139,10,,,Benefit data pattern realize.,declined,2024-08-24 01:32:33,Everything chair former build huge oil remember.,2025-04-28 10:02:34
203,187,209,,,Coach social lay.,completed,2024-12-05 04:10:14,Bring mission north financial two.,2025-06-10 08:56:56
204,156,40,,,Not without kind.,In Progress,2025-01-22 18:45:41,Direction them because education office reflect.,2025-02-25 01:00:12
205,236,245,,,Race action whose bad.,In Progress,2024-07-11 14:54:17,Risk position interview now young.,2025-05-30 14:06:33
206,168,32,,,Factor most six public.,declined,2024-09-18 14:13:27,Various weight south leave.,2025-06-16 15:19:17
207,209,154,,,Once prevent way minute Mr series.,declined,2024-08-01 08:21:09,Policy wait effort leave someone computer.,2025-06-05 12:55:44
208,98,91,,,Morning bed teach prove.,completed,2025-01-10 11:55:41,Training test minute management bag decide.,2025-03-23 22:16:57
209,288,191,,,World couple miss without.,declined,2024-07-21 17:46:08,Stuff low discuss save might someone.,2025-04-22 02:32:34
210,44,61,,,Hour shoulder card house live dream century.,accepted,2025-06-22 01:27:55,Week note hand plan important.,2025-03-25 08:45:51
211,232,99,,,Event school drop something early less.,declined,2024-07-11 04:11:31,Like picture your eye continue probably right.,2025-01-14 09:02:37
212,161,104,,,Fact citizen rich break member write energy method.,completed,2024-10-24 05:15:31,Matter rock go suggest various eat.,2025-06-19 13:40:13
213,280,170,,,High outside interesting knowledge board break about.,declined,2025-01-29 04:41:41,Can front order onto pass section prevent executive.,2025-02-02 14:40:05
214,244,162,,,Imagine hear effort.,In Progress,2025-03-22 20:10:25,Effort piece use bed.,2025-06-24 10:04:33
215,120,35,,,Decision you project real.,accepted,2024-12-31 18:15:28,Any election too trouble must.,2025-07-02 08:02:32
216,187,44,,,Agent move agree people perhaps couple gun place.,declined,2025-03-03 22:38:05,Take shake mind weight before writer.,2025-05-12 22:17:48
217,280,267,,,They not available environment computer main traditional amount.,In Progress,2025-03-10 08:11:03,Box it clearly more.,2025-03-30 16:27:01
218,131,193,,,Word truth something still.,accepted,2024-08-05 05:25:05,Place brother possible main million.,2025-02-04 10:35:39
219,293,108,,,Foot truth television commercial last recently theory.,declined,2025-01-26 18:18:38,Whether account religious ball accept garden.,2025-02-23 14:31:28
220,27,6,,,Debate him level act couple second.,accepted,2025-04-01 15:44:05,Too quality young result join.,2025-05-23 02:50:53
221,295,103,,,Right up watch someone exist opportunity worry.,accepted,2025-04-15 12:18:01,Dark direction those throughout friend.,2025-03-23 10:28:30
222,168,1,,,Back discussion with daughter onto.,pending,2025-06-26 03:33:29,Tonight my western institution laugh.,2025-02-27 10:56:25
223,252,249,,,Floor position evening brother maintain check summer.,declined,2024-12-27 08:07:17,Nor successful artist off argue.,2025-06-28 22:24:07
224,177,58,,,Card involve long fire.,declined,2024-11-30 23:50:06,Teach explain pass image none air.,2025-06-25 13:10:30
225,151,37,,,International environmental college appear apply per.,declined,2024-10-10 00:36:48,South trial site research sit.,2025-04-04 07:47:41
226,71,33,,,Apply however spring bed lay president.,accepted,2024-09-17 18:35:03,Food only site town.,2025-01-12 08:33:18
227,80,96,,,Fly attention hit same suddenly address determine.,pending,2024-07-17 06:30:53,Line ten scene.,2025-06-30 05:39:30
228,35,124,,,Enjoy party set still fact receive picture.,declined,2025-02-13 03:55:42,Note cultural only green thing.,2025-01-22 15:42:58
229,98,107,,,Tough moment religious or operation media edge.,accepted,2024-07-29 13:59:14,Arm thought election join station.,2025-07-08 03:50:54
230,276,68,,,Forget ask each one high pull candidate late.,In Progress,2024-09-23 13:49:59,Thank light mean practice drop teach.,2025-06-19 04:50:24
231,42,120,,,Less audience none theory detail hot market seem.,In Progress,2025-01-23 16:08:06,Him sometimes ago pull program safe.,2025-07-02 12:48:05
232,115,160,,,Today she officer change develop anyone.,completed,2025-01-31 13:58:03,Pattern international evidence receive.,2025-02-20 10:03:56
233,27,210,,,Compare team benefit run consider.,accepted,2025-02-22 04:16:43,Present performance project.,2025-03-22 20:03:18
234,270,273,,,Newspaper down address.,declined,2025-05-11 15:10:37,Color anyone phone half.,2025-05-05 23:26:26
235,104,19,,,Month then challenge visit.,In Progress,2025-04-25 12:04:26,Agency by door note certain staff indicate.,2025-01-03 17:23:39
236,24,147,,,Street energy model move.,In Progress,2025-06-25 13:39:01,Court outside house fall.,2025-05-09 23:42:08
237,150,195,,,Lay coach car else trip region various shoulder.,In Progress,2024-11-25 04:20:07,Follow if listen nearly.,2025-05-19 04:57:26
238,171,1,,,Worry Democrat itself everybody white friend.,pending,2025-06-12 04:32:59,Art direction across business walk.,2025-06-04 04:46:46
239,249,131,,,Behind state cold very live.,In Progress,2025-07-02 14:30:52,Apply thought town own town.,2025-01-19 09:35:45
240,109,168,,,Present property question everybody hand.,pending,2025-04-17 22:21:55,Nice read consumer according nation that citizen offer.,2025-04-24 04:32:10
241,299,56,,,Trial environmental weight board.,accepted,2025-05-26 01:53:11,Property floor move risk nearly deal.,2025-05-19 03:15:50
242,300,223,,,Last by far finish.,In Progress,2025-02-19 19:54:21,Thought assume radio production answer budget economy involve.,2025-03-09 11:29:01
243,206,48,,,Air good room simply outside father perform.,declined,2025-04-10 08:51:46,Key television chance use.,2025-04-07 00:38:50
244,8,203,,,Poor attention manage until land animal exist.,pending,2024-07-17 13:29:33,Worry pay them.,2025-02-26 06:38:33
245,41,34,,,Reality behavior top teacher much effort.,accepted,2024-08-06 23:50:46,Thousand picture build system section month.,2025-02-14 02:49:39
246,175,139,,,Training bag assume.,pending,2025-03-16 23:30:41,Artist watch produce experience central important may.,2025-02-22 15:26:54
247,218,82,,,Shoulder name also person hit nature employee.,completed,2024-12-25 15:20:24,Player rest director certain.,2025-01-04 20:55:13
248,164,298,,,Black morning loss sister.,completed,2025-04-22 18:56:38,Piece best listen election although our.,2025-05-09 17:17:29
249,218,225,,,Smile road cut decade.,accepted,2024-08-27 16:54:59,They policy employee other himself along professional everyone.,2025-06-19 23:23:36
250,110,139,,,Success beyond need event.,accepted,2024-11-16 01:37:59,Attorney walk new agency ready.,2025-04-05 05:58:15
251,116,251,,,Artist itself public onto much difference spring.,pending,2024-07-20 04:15:26,Ground bit relate poor contain much live.,2025-04-23 03:39:52
252,56,299,,,Skin first building investment vote community.,declined,2024-11-08 13:09:50,Light use improve of skill professor here enjoy.,2025-02-14 23:26:25
253,298,100,,,You system collection training enjoy.,accepted,2025-05-29 05:54:58,Account help population enjoy on where particularly.,2025-03-21 05:15:25
254,45,25,,,Avoid practice right sure.,declined,2025-01-06 12:03:39,Reality sea story off.,2025-04-29 03:06:23
255,98,28,,,Pm law next push perform how.,completed,2025-03-04 13:12:52,Great dream born star kind where.,2025-03-29 03:18:29
256,274,125,,,Save woman trade though evening military edge size.,accepted,2024-12-14 07:51:33,North choice certain front less recent ahead.,2025-01-23 23:13:34
257,231,250,,,Wrong easy beyond perhaps themselves easy.,pending,2024-10-28 09:04:27,Physical unit such degree lose let might.,2025-05-20 00:14:38
258,235,146,,,Drop fine story turn stock.,In Progress,2024-10-12 03:33:33,Note agency TV security care.,2025-02-21 10:24:36
259,9,188,,,Paper beyond maintain.,completed,2024-08-22 13:57:28,Item crime where catch.,2025-04-02 01:14:09
260,199,31,,,Around let field relate drop price.,accepted,2024-09-09 19:55:38,Leg wrong last take.,2025-02-24 01:31:00
261,110,200,,,Wife a change he.,completed,2025-02-22 17:42:52,Wrong rather parent soldier paper.,2025-06-19 02:12:18
262,99,34,,,If plant public television term.,In Progress,2025-05-02 01:54:47,Campaign cold community building report town than.,2025-03-08 09:33:12
263,53,45,,,There seem condition ability new type better.,accepted,2025-01-13 22:17:23,Head account issue issue tend listen.,2025-04-11 02:09:21
264,151,164,,,Investment none analysis she movie want former job.,pending,2025-06-10 15:23:02,Every operation four approach film of.,2025-03-15 14:34:15
265,124,182,,,Notice choose guess bad bar.,declined,2025-05-27 07:22:01,House on keep break test career main food.,2025-06-26 16:47:18
266,242,255,,,Although policy yet opportunity involve paper.,pending,2024-11-17 18:57:52,Decade successful game choice.,2025-03-23 11:46:20
267,23,3,,,Carry purpose either apply notice whatever reason.,In Progress,2024-09-05 16:01:02,Program health that local until.,2025-06-09 07:56:19
268,130,12,,,Hope race fire budget.,pending,2025-06-16 21:04:13,Heart animal this either community could.,2025-04-04 07:31:50
269,230,25,,,Film sure hour area investment population.,declined,2024-08-08 22:20:09,Democratic box really style weight.,2025-02-05 10:31:55
270,244,75,,,Huge majority real drive.,completed,2024-07-14 18:59:44,Day boy her owner pay.,2025-01-15 15:31:57
271,270,122,,,Thank place training.,declined,2025-02-04 08:59:35,College feeling put position cultural enjoy.,2025-05-29 07:27:23
272,231,229,,,Mention full color player order rock.,declined,2025-04-29 19:41:44,Allow hit society across agency book while rock.,2025-02-02 04:37:27
273,277,143,,,Also piece page interest effort test.,completed,2024-12-04 00:56:07,Bit south improve politics alone and.,2025-03-18 04:01:50
274,199,123,,,News food garden computer hour vote huge.,pending,2025-07-07 11:27:18,Sit much race at individual suddenly lead reason.,2025-01-11 11:50:15
275,244,188,,,Information feel read name himself pretty area.,declined,2025-04-05 13:31:39,Tax college child smile car knowledge.,2025-05-23 00:01:09
276,37,45,,,Mind interesting begin either.,pending,2024-09-17 08:42:55,Customer participant teach doctor history.,2025-07-02 02:54:09
277,2,183,,,Use federal become billion music here two.,completed,2024-08-19 07:39:00,Situation story already yeah boy meeting pretty.,2025-04-24 13:51:35
278,87,258,,,Know those old campaign benefit job keep.,declined,2024-09-02 09:17:05,Avoid about hotel meet responsibility response.,2025-07-05 15:41:49
279,6,63,,,Have bag mention site view street hear.,In Progress,2025-05-02 01:29:43,Remember follow pull floor.,2025-05-10 03:34:25
280,16,220,,,Ask cup team quality operation.,In Progress,2025-04-29 08:06:12,Special defense every mean.,2025-04-30 02:49:16
281,24,149,,,Cup perhaps program result main her direction once.,pending,2025-03-30 00:04:43,Between while admit.,2025-04-08 20:15:52
282,18,208,,,Tonight somebody describe job around.,declined,2025-03-24 18:41:15,Ground score yeah myself sign work address.,2025-05-26 14:12:33
283,201,30,,,Five least thousand whatever entire a would address.,completed,2025-04-06 17:20:49,A everybody which arm him citizen why.,2025-05-19 13:06:59
284,218,100,,,Tv finally cause school.,accepted,2024-07-16 23:14:15,Ability heart to population.,2025-05-11 16:59:39
285,45,289,,,Find east high evidence nice ready parent.,completed,2025-04-18 17:40:18,Tough understand western book condition dog no.,2025-04-20 06:05:30
286,103,291,,,Movement serious eye choice no.,pending,2024-12-19 05:00:45,Into else know word.,2025-06-27 07:46:08
287,294,215,,,Security rule prepare side behind join.,pending,2025-03-14 00:15:51,Pretty visit current much.,2025-01-23 15:53:17
288,254,180,,,Car as record purpose.,declined,2024-12-10 16:11:46,Free office bag TV mean stuff.,2025-04-20 05:02:42
289,93,158,,,Near worry game scene speech break car act.,completed,2025-06-08 11:32:39,Investment who add area participant million nearly.,2025-06-17 04:47:22
290,17,151,,,Cell until brother economy indeed.,accepted,2025-04-12 22:55:04,Market future draw between else only.,2025-06-14 18:23:02
291,122,173,,,Small large interesting already sometimes former.,declined,2024-09-02 21:39:10,Stock news step with.,2025-02-02 22:13:23
292,191,156,,,Important cold very feel today.,declined,2025-05-01 01:53:22,Should people personal buy.,2025-05-31 16:43:14
293,224,118,,,Rest history able various second.,accepted,2025-07-04 15:14:36,Rich feel keep.,2025-06-30 03:14:41
294,161,244,,,Late space to.,declined,2024-07-16 23:18:28,Small poor report.,2025-02-20 03:40:01
295,69,27,,,Two perform image size.,declined,2025-02-18 06:10:05,Send most ago establish lot need whom.,2025-03-12 22:09:46
296,222,150,,,Thing life building group.,completed,2024-09-15 10:32:52,Threat apply physical life any.,2025-07-07 12:01:48
297,257,265,,,You expert pull name only.,declined,2024-07-18 08:51:48,Commercial which front just.,2025-01-12 03:13:37
298,58,216,,,Sign stop child in.,accepted,2024-12-04 14:22:50,Purpose draw movie he end product manager.,2025-03-08 19:32:25
299,87,104,,,Popular maintain chair carry.,In Progress,2024-07-29 22:35:23,Audience bag believe perhaps us real fight.,2025-05-01 11:06:59
300,61,249,,,College character that art future.,declined,2024-09-20 09:46:37,Level charge industry word worker finish.,2025-06-06 12:45:14
301,213,233,,,Activity loss be record.,In Progress,2025-04-24 07:49:39,Ever lead bill my fire water.,2025-01-29 23:42:41
302,248,12,,,Receive book probably within garden writer another.,declined,2024-10-31 05:09:22,Music father before manager huge report.,2025-06-09 20:10:30
303,109,82,,,Human campaign politics its loss.,declined,2024-11-14 22:01:45,Life treatment generation identify indicate follow reason.,2025-03-26 19:19:30
304,200,282,,,Or financial start I whether.,declined,2024-09-12 13:37:50,Value our place bag relationship.,2025-03-15 08:15:00
305,179,65,,,Stop somebody fund laugh agent.,accepted,2025-01-30 06:44:11,Trip husband interesting light none radio.,2025-01-26 05:36:06
306,134,262,,,This appear spring stay a network bar.,pending,2024-12-02 17:21:06,Know movement should memory indeed continue.,2025-01-12 02:50:42
307,6,76,,,Present live face pass southern.,completed,2025-04-21 16:29:36,Discover return capital side.,2025-03-23 09:30:01
308,21,176,,,Remain west song seem job whatever cost.,pending,2025-04-14 20:15:00,Fund report control few.,2025-03-19 10:07:59
309,227,186,,,Could bar plan however pick less seven rule.,accepted,2024-12-02 22:47:21,Mind such simple degree defense.,2025-03-22 14:41:07
310,45,165,,,Candidate wife career that drug stay hospital.,declined,2025-05-04 20:33:14,Remember weight compare couple.,2025-04-20 00:16:50
311,191,2,,,Buy southern bit.,pending,2025-02-09 02:03:23,Role believe move money ever plan.,2025-01-02 07:48:51
312,195,65,,,Home finally man medical how example once.,accepted,2024-11-18 01:45:08,Chance follow evening reach.,2025-03-13 02:23:13
313,294,7,,,Something order next bill decide door.,pending,2025-01-12 10:24:36,Sure sea send receive defense treatment on.,2025-01-01 15:48:20
314,123,28,,,Star everybody include school.,completed,2024-08-21 04:47:05,Thank really whole station natural drive notice.,2025-06-19 03:28:53
315,280,65,,,Capital listen happy.,pending,2024-08-05 21:35:27,One back nothing mission as.,2025-04-29 20:34:09
316,193,22,,,Fire financial many effort among fly.,declined,2025-06-17 17:51:51,Down court series again everybody increase rule.,2025-02-09 19:21:47
317,114,144,,,Relate low east mind.,pending,2024-12-19 22:44:13,Understand student yet girl.,2025-01-05 21:35:49
318,191,243,,,Part pull bad western law.,completed,2025-05-16 21:10:06,After outside better play instead already level boy.,2025-01-13 09:05:16
319,114,70,,,Tonight democratic relationship develop a.,In Progress,2025-02-09 15:35:28,Instead set huge.,2025-04-13 23:45:59
320,251,235,,,Rate red face measure.,In Progress,2025-04-08 22:05:28,Special where billion bill blood audience.,2025-03-16 21:36:09
321,139,272,,,Candidate stock record affect short son finally music.,accepted,2024-07-10 17:37:42,Voice family cultural challenge meeting tree wind defense.,2025-07-07 02:26:37
322,222,55,,,Decision field though number game.,completed,2025-06-28 19:16:38,Help sister result turn simply discussion cut away.,2025-03-02 19:49:37
323,184,248,,,Prepare stuff ago enter.,accepted,2024-10-21 09:43:32,Doctor true seek someone money enough.,2025-05-24 13:40:01
324,175,212,,,Figure of keep each each let.,accepted,2024-10-05 08:21:00,Ago program possible pay.,2025-03-08 16:11:03
325,75,197,,,Ask majority stop stock paper drug.,declined,2025-04-12 08:57:05,Couple statement set statement.,2025-07-08 23:52:59
326,275,231,,,Within executive design street law its.,accepted,2025-06-26 04:58:40,Stand mission model building society box.,2025-01-11 02:50:25
327,197,186,,,Issue cup group report growth.,completed,2025-02-20 07:38:28,Anyone detail go effort allow prepare science.,2025-05-16 11:15:07
328,172,269,,,Reach admit approach fill lot apply.,declined,2025-06-23 02:52:11,Campaign decade man after support seven near.,2025-06-20 13:57:22
329,212,31,,,Ask audience budget participant safe size positive.,completed,2024-08-26 04:08:57,Medical decision term coach simple.,2025-06-21 19:41:28
330,194,154,,,Nature budget sound compare nation part lawyer.,pending,2024-11-27 16:24:31,Worker American us particular affect girl.,2025-04-05 11:48:32
331,265,60,,,National low on improve someone.,pending,2024-11-19 03:35:29,Car water live financial moment economic.,2025-04-15 23:56:01
332,173,195,,,Their factor visit everyone fire open model.,accepted,2025-01-30 07:18:09,Game various administration.,2025-05-06 15:05:48
333,141,203,,,Campaign amount ask suddenly factor.,completed,2024-10-15 18:52:09,Far reveal next politics style give.,2025-01-23 19:47:09
334,55,14,,,Avoid member reason.,In Progress,2025-04-25 15:29:48,Want billion happen try.,2025-06-25 23:38:36
335,225,85,,,Response hear through expert.,accepted,2024-07-24 15:30:16,American mouth large particular few including.,2025-03-12 12:37:10
336,174,132,,,Up if would international goal section show.,pending,2024-09-23 01:07:16,Prepare least same reason thus federal wait.,2025-03-25 00:24:40
337,234,30,,,Per challenge adult.,completed,2025-04-10 11:52:14,Institution significant what strategy reflect.,2025-05-26 20:46:01
338,235,276,,,Month top state writer follow her television.,declined,2024-10-17 00:31:26,Fire attack administration ready girl experience.,2025-07-02 18:24:57
339,177,126,,,Hotel much only various particular time PM spend.,In Progress,2024-08-21 20:19:49,Deal what southern issue anyone condition final.,2025-02-22 11:17:43
340,222,196,,,Hour picture book.,accepted,2025-02-23 08:52:03,Live smile street herself.,2025-04-23 03:04:42
341,77,187,,,Herself job everything law sure entire.,completed,2024-07-13 10:25:46,Nature sport story western activity suggest site.,2025-02-03 14:32:14
342,91,292,,,Build medical unit rate heavy.,declined,2024-11-18 21:27:17,News everyone would ball throughout continue.,2025-07-08 10:38:51
343,238,265,,,Public project owner.,accepted,2025-06-06 06:59:14,Rock many full something computer seek ability.,2025-03-09 06:37:11
344,183,119,,,Into cover human air compare.,pending,2024-09-28 03:59:33,Employee parent far none college.,2025-07-02 17:56:41
345,158,296,,,Trouble together drop adult medical or before.,In Progress,2024-09-16 21:50:40,Charge role floor human official most almost son.,2025-03-28 05:02:13
346,229,204,,,Couple staff character arm energy.,accepted,2025-07-05 18:05:35,Stay full course business try.,2025-05-24 03:10:43
347,27,144,,,Option serious sell list region apply.,declined,2025-04-13 09:48:43,Both on leg report will build require.,2025-01-12 01:03:22
348,283,16,,,Tree religious officer quality.,In Progress,2024-09-12 23:17:06,Inside question only side.,2025-05-28 18:57:56
349,264,82,,,But study must support audience certain.,declined,2025-05-21 20:59:55,Marriage investment add almost.,2025-07-08 04:16:31
350,260,161,,,Ready foreign day late require down key.,declined,2025-01-09 20:22:10,Film point everyone onto once when.,2025-02-15 07:06:21
351,294,169,,,Must moment process week everything chance system actually.,accepted,2025-05-12 03:52:59,About step often.,2025-04-19 21:59:33
352,163,101,,,Whose democratic attention myself front image computer cold.,declined,2024-11-02 19:40:08,Where seem determine more us.,2025-05-22 19:09:33
353,228,31,,,Cell even hear fall strong she who for.,pending,2025-02-14 16:56:18,Team become teacher.,2025-03-01 11:09:15
354,178,106,,,Interview fill already young nation expert hour.,declined,2024-09-30 05:16:46,Society senior whole involve.,2025-06-20 03:30:40
355,134,95,,,And water she.,completed,2025-07-03 21:14:39,Stage professor door cause big serious.,2025-03-24 06:26:28
356,15,22,,,Itself responsibility bed vote pull gun according.,In Progress,2025-07-01 01:38:50,Other but choice radio go arrive well.,2025-04-28 05:55:06
357,257,60,,,Society art significant within.,accepted,2024-09-17 17:25:53,Box figure learn begin.,2025-02-24 05:05:14
358,153,171,,,Push nature voice describe recent.,accepted,2024-12-23 16:19:48,Nature present out social individual pick policy.,2025-06-28 04:58:18
359,2,17,,,I national resource moment.,declined,2025-07-01 02:41:32,And remember true safe three top large share.,2025-06-30 19:49:51
360,21,66,,,Stand consumer data term effect bad later.,accepted,2025-03-22 14:03:27,At region third operation method foreign thank.,2025-06-03 13:35:17
361,3,213,,,Foot nearly garden development lawyer democratic involve dark.,pending,2025-02-03 10:03:18,Need exist off others.,2025-02-15 11:09:08
362,127,153,,,Whose tough population wife look indicate all south.,pending,2024-08-09 06:07:37,Across serious agency summer no election.,2025-04-27 02:20:57
363,69,84,,,Can hair born you his new.,declined,2024-11-21 08:11:20,A family seem though value.,2025-04-03 09:47:48
364,226,134,,,Politics citizen indicate stand positive manager.,In Progress,2025-03-13 06:41:30,Only free green example standard produce.,2025-02-16 12:10:51
365,18,265,,,Brother wind less method boy bad.,completed,2024-12-09 06:43:41,Person somebody plant line me today.,2025-04-26 14:46:14
366,71,174,,,Half ago ever development special energy could.,accepted,2024-08-22 02:08:22,Easy compare note record stay life Congress.,2025-02-21 12:48:30
367,1,245,,,Choice hour tree modern practice.,pending,2024-08-16 05:30:30,Prepare artist anything really development free.,2025-02-06 13:16:30
368,290,142,,,Card large usually hard production.,declined,2024-08-24 01:22:08,Why total man.,2025-02-06 16:08:00
369,237,199,,,Father yard issue time trip American.,declined,2024-12-07 11:32:45,Child drug interesting state address side media.,2025-05-03 09:04:09
370,135,180,,,Serve resource indicate there piece.,In Progress,2025-06-20 12:26:33,Pattern design challenge.,2025-03-05 10:09:12
371,37,116,,,Nor ball that.,completed,2024-10-16 19:50:49,Return professional day water.,2025-02-18 22:10:08
372,249,38,,,Prepare effect four rule.,declined,2025-03-26 14:08:25,Commercial over thank soon finally people mention.,2025-06-13 16:17:46
373,20,229,,,Face own cut group picture.,In Progress,2025-02-16 15:59:58,Letter alone far friend ago to must take.,2025-04-11 14:17:37
374,81,284,,,Daughter effort dream south author from community unit.,completed,2024-08-01 18:52:30,Country anyone job.,2025-01-25 21:46:47
375,296,203,,,Son purpose later.,completed,2024-10-05 21:04:16,Miss debate not improve nation however see.,2025-01-06 03:04:50
376,279,8,,,Record key everybody or.,pending,2024-12-09 06:01:29,Available computer tough simple throughout.,2025-02-11 11:52:39
377,65,267,,,Large benefit character full agent fund.,pending,2025-04-16 15:29:36,Listen fear pattern task range.,2025-07-05 03:04:58
378,168,241,,,Recently at consider national start.,declined,2024-08-28 13:45:14,Behind some why step say save defense.,2025-02-17 04:05:00
379,12,198,,,Behavior along raise beautiful forward.,In Progress,2024-12-11 08:15:34,Citizen fight audience and to take.,2025-02-19 15:51:37
380,137,14,,,Option stock news my.,accepted,2025-01-05 21:58:59,Eight school consider.,2025-05-17 05:27:10
381,186,63,,,Financial sure help knowledge now race.,In Progress,2025-02-19 06:31:34,Back store me late interest computer.,2025-01-18 11:13:15
382,175,8,,,Street low catch cultural good fight those.,accepted,2024-08-04 10:06:37,Find our usually so street.,2025-04-06 06:52:29
383,204,1,,,Sound room account that figure leader suggest.,accepted,2025-03-29 09:32:00,Often hit hour bar eat herself.,2025-03-04 05:56:38
384,151,61,,,Machine foreign stock policy compare form.,In Progress,2025-02-12 11:23:31,Wish affect Mr respond.,2025-01-13 11:20:37
385,179,250,,,Teacher impact it.,pending,2024-12-20 17:59:19,Language produce peace value which article.,2025-05-30 01:32:29
386,143,22,,,Pull kid help simple they likely.,accepted,2025-01-20 08:04:09,Strong stop coach pattern very their.,2025-05-15 18:37:15
387,176,97,,,Everybody power such always growth maybe medical if.,accepted,2025-06-08 15:18:44,Individual table phone star series.,2025-06-12 10:32:53
388,285,278,,,Listen more whole image outside kid traditional.,declined,2025-01-26 00:17:37,Energy blue officer start lead.,2025-05-08 21:24:56
389,117,237,,,Question today thousand little protect whom process.,accepted,2025-07-02 13:45:49,Source executive back large world wall nature.,2025-02-10 09:12:59
390,258,237,,,Husband institution member campaign.,completed,2024-07-23 00:50:13,Say about house entire ten could suddenly.,2025-02-03 10:55:42
391,240,167,,,Book do region away.,In Progress,2024-12-22 21:07:27,Sing bill place nature serious trial increase.,2025-04-29 05:24:04
392,198,11,,,Low listen future lot.,accepted,2024-10-28 10:03:16,Student sport home couple work item yard.,2025-05-01 09:11:00
393,275,166,,,Walk know feeling statement.,pending,2025-04-10 05:36:21,Traditional act than politics national.,2025-04-14 12:27:25
394,9,148,,,Boy subject month effort.,In Progress,2024-09-16 18:51:23,Write audience now thus difficult real.,2025-07-06 10:32:07
395,68,166,,,Head probably door its sister author.,accepted,2024-12-21 21:43:08,Chance form together perform return too.,2025-01-14 05:14:55
396,43,223,,,Republican plant heart better.,In Progress,2024-09-15 00:21:41,Change Mrs them nation include standard.,2025-06-22 05:39:58
397,75,89,,,Hair total administration seven article wrong.,pending,2024-07-22 01:19:59,Edge through cover heavy side professor.,2025-05-09 17:16:44
398,90,42,,,Treatment hospital rule voice.,In Progress,2025-01-03 09:45:53,Off assume art example program.,2025-01-18 05:11:00
399,7,246,,,Data garden wait own state space set.,declined,2024-07-18 17:52:30,Some blue develop watch suffer line.,2025-01-21 14:10:31
400,3,202,,,Son financial street cultural week.,completed,2024-07-30 23:29:40,Worker whole stuff current.,2025-06-04 16:44:30
401,245,293,,,Feeling cold player effort.,pending,2025-03-07 14:38:07,What decide environmental price little listen.,2025-06-21 10:17:02
402,70,273,,,Energy young tonight something loss travel per.,pending,2024-08-22 09:54:01,Outside so age watch wife another maintain.,2025-05-20 16:44:43
403,240,141,,,Amount least together stop but word.,declined,2025-04-21 23:57:17,Information training including sense.,2025-03-11 12:36:11
404,126,256,,,Series skin capital still attack by record manage.,completed,2025-07-08 10:10:59,Analysis painting marriage memory own reason letter.,2025-06-03 23:48:49
405,144,131,,,Find lay fish thousand data address sense.,accepted,2024-12-13 10:19:08,Member quickly minute hold difficult room brother language.,2025-02-19 00:57:15
406,109,273,,,Other phone condition.,accepted,2024-10-07 16:22:47,Pay single respond card between ok management.,2025-04-02 15:43:01
407,45,179,,,Medical chance stop response like region.,accepted,2024-07-16 09:06:31,Far trial wife environmental method knowledge big bill.,2025-07-01 12:34:16
408,277,215,,,Important rich ago environment special ability.,accepted,2024-10-31 18:48:18,Nor poor actually analysis property ten.,2025-04-13 17:22:42
409,286,183,,,Public summer image.,declined,2025-01-18 07:45:02,Rule it add police card guy memory.,2025-03-05 15:13:29
410,243,35,,,Ability situation bit.,accepted,2024-11-10 02:05:31,There remain view per lawyer story.,2025-05-07 15:50:42
411,2,286,,,Movie exactly air give.,pending,2024-11-01 12:19:51,Official arrive one remember budget address behavior.,2025-06-12 15:06:14
412,267,88,,,Modern soldier full process manage him.,In Progress,2025-01-18 19:56:38,Once event themselves in.,2025-07-05 03:08:51
413,213,215,,,Company tree enjoy why explain usually.,In Progress,2024-07-22 23:41:32,Less those personal.,2025-02-01 07:21:31
414,256,211,,,Rather magazine management support record positive.,accepted,2024-12-04 20:54:07,Its wish meet human listen think.,2025-03-27 02:05:11
415,274,30,,,Position how plant her.,accepted,2024-09-20 11:47:41,But meet land figure sister.,2025-01-03 09:49:07
416,104,223,,,Pull race reality suffer.,In Progress,2025-06-02 17:27:51,Scientist production small or.,2025-06-16 13:25:47
417,292,270,,,Personal support major figure continue.,declined,2024-09-30 14:52:29,Study simply piece about computer check left.,2025-01-04 08:16:02
418,289,14,,,Picture central figure night keep five night.,completed,2025-03-19 02:53:56,Else stay only miss.,2025-02-18 14:55:12
419,230,66,,,Send dog officer business.,pending,2025-03-08 04:07:26,Goal grow meeting after.,2025-04-25 06:16:04
420,127,232,,,Physical system course international among become herself according.,completed,2024-09-23 17:20:52,Best force north media find note bar.,2025-07-06 19:05:50
421,33,99,,,Consider two alone family.,In Progress,2024-07-20 20:58:06,Fund social open material fire identify.,2025-05-30 04:20:03
422,256,115,,,Along sense husband color draw read.,accepted,2025-01-12 20:47:18,Tell green open recent.,2025-01-11 18:18:24
423,110,258,,,Pull could voice guy high many.,accepted,2025-04-02 05:23:31,Resource clearly how interest hard.,2025-06-12 04:03:47
424,288,131,,,Daughter century behavior anything exist.,accepted,2025-03-12 21:22:32,Officer black let future.,2025-07-05 22:35:56
425,157,39,,,Still safe heart local Congress.,declined,2024-08-29 05:32:51,Level job treatment simply job indeed.,2025-01-25 11:54:56
426,62,154,,,Rate window require near yeah offer.,pending,2024-10-03 15:38:18,Protect candidate it best.,2025-01-22 06:08:56
427,176,121,,,Scene knowledge mission war.,pending,2025-01-24 22:18:39,Watch son kid book ok.,2025-02-04 18:26:19
428,160,189,,,Establish defense central skin guy.,declined,2025-05-20 19:25:57,Big order debate project civil term.,2025-06-17 22:32:38
429,170,262,,,Speech human model glass finally member.,declined,2025-03-04 00:29:01,Agent mind follow writer word federal.,2025-06-14 20:32:43
430,150,109,,,Name better kind far camera.,pending,2025-04-24 01:36:37,Benefit business single use loss hundred.,2025-06-08 23:50:32
431,203,200,,,Black population ahead star cell.,declined,2024-08-20 15:46:57,Feeling on author dark small young message.,2025-06-05 15:29:10
432,64,235,,,Ability player wait generation son.,In Progress,2025-03-18 15:47:03,Trial feeling hair per.,2025-06-18 19:01:50
433,145,31,,,While hair mother success better.,declined,2025-04-08 18:48:44,Dinner yeah quickly surface this same.,2025-03-17 18:33:43
434,99,129,,,Line benefit person treat PM west I.,completed,2025-03-13 09:07:36,Least term child child stand whole.,2025-04-22 18:48:57
435,178,177,,,Myself agency begin organization other feeling adult be.,pending,2025-03-29 14:25:17,Successful message together throw such.,2025-06-18 09:34:53
436,91,104,,,Amount picture enjoy family Republican.,completed,2024-10-25 03:16:04,Memory behind goal carry analysis cup kitchen top.,2025-04-16 02:43:12
437,268,244,,,Traditional leader debate financial.,In Progress,2024-12-03 14:55:19,Build four stage push interest herself community become.,2025-02-19 11:56:07
438,240,292,,,Husband something exist image common.,accepted,2024-08-13 23:26:41,Smile big security both network team mention.,2025-04-08 15:28:02
439,38,54,,,Give statement make set.,pending,2024-10-07 10:36:56,More girl small offer though.,2025-03-05 18:57:33
440,122,19,,,Pressure tell among public high that keep ground.,declined,2024-08-16 21:48:48,Customer financial exist job military.,2025-01-20 02:07:32
441,4,55,,,Lot marriage area reveal.,declined,2024-12-13 13:45:52,Seven within others day Mr.,2025-05-02 05:09:21
442,24,226,,,Series movie seek.,completed,2024-08-05 13:47:10,Car inside close minute second movie.,2025-07-03 20:33:56
443,8,58,,,Family turn street ahead.,accepted,2025-02-02 01:37:23,College girl court fear another friend religious worry.,2025-03-04 10:02:18
444,279,124,,,Contain win go summer five everybody.,pending,2025-01-20 09:29:52,Activity quickly build official.,2025-01-30 03:36:18
445,251,267,,,Too item sometimes then receive.,pending,2024-08-04 06:18:33,Already office magazine line president.,2025-02-06 10:05:56
446,294,256,,,Fill should product authority.,In Progress,2025-02-17 08:09:48,Structure identify its.,2025-01-25 15:20:04
447,173,123,,,People share girl yes writer.,pending,2024-10-03 19:35:15,War area laugh crime where always speech.,2025-02-20 11:46:33
448,292,176,,,Ever this record focus news picture crime.,pending,2025-01-06 10:50:15,Foot cultural approach them.,2025-06-19 11:04:14
449,31,73,,,Science general protect somebody social.,completed,2025-06-06 02:57:33,Street hit piece how family.,2025-06-19 12:48:56
450,268,33,,,Chance pattern ok create physical line history.,accepted,2024-09-09 01:09:56,Price chair paper true theory political.,2025-04-03 21:50:04
451,94,21,,,Option world across scientist southern market strong arrive.,In Progress,2025-01-04 20:22:53,Water artist woman term use scientist.,2025-06-20 15:45:25
452,84,196,,,South sense in trouble friend east west somebody.,accepted,2024-10-10 19:03:49,Color high coach reduce one base stay I.,2025-05-23 14:28:38
453,174,127,,,Board with once trouble yeah four.,accepted,2024-07-15 04:39:47,While paper structure.,2025-05-29 08:11:23
454,220,193,,,Identify travel section cut quality.,declined,2024-12-01 01:18:01,Investment author moment tell.,2025-03-10 12:42:33
455,53,146,,,Up enough meet product.,declined,2025-02-01 06:18:30,Heavy raise report.,2025-07-08 13:22:37
456,45,208,,,Popular low want expert prepare.,completed,2024-11-06 22:00:23,Student each necessary seat heavy just improve nearly.,2025-05-25 03:01:08
457,160,178,,,Dark institution society never sign indeed public.,accepted,2024-10-06 17:06:03,Foreign sit ball majority its threat.,2025-03-06 17:40:21
458,8,145,,,Suggest main near someone room reflect start name.,accepted,2025-03-08 02:42:12,Agreement end as social administration appear follow.,2025-04-16 12:50:31
459,300,2,,,Various heavy art build allow wonder character.,accepted,2025-02-04 04:17:05,Speech policy movement.,2025-02-07 22:44:13
460,270,239,,,Place history age next offer natural.,accepted,2024-07-27 17:36:02,History statement nothing wide by tonight central.,2025-03-17 10:06:41
461,80,13,,,Expect mother across maybe song fire.,completed,2025-06-20 11:36:54,Letter without future fight explain result.,2025-05-20 18:24:27
462,142,294,,,Out close ready everything.,declined,2025-01-19 07:10:10,Inside over pass move.,2025-01-09 13:39:29
463,285,168,,,Seat yet suffer remember life occur.,In Progress,2024-10-18 12:53:33,Why season try bring.,2025-03-06 18:08:21
464,37,28,,,Hour affect difficult.,completed,2024-11-14 18:39:27,Positive financial fund.,2025-07-01 09:27:22
465,32,172,,,Notice one industry democratic.,In Progress,2024-12-23 06:38:54,Sure party wish factor since need.,2025-01-05 19:44:40
466,56,97,,,News move manage economy sister expert least.,pending,2025-06-19 14:37:22,Candidate collection letter.,2025-01-12 19:59:57
467,20,100,,,Child system side direction involve old.,completed,2024-10-10 10:49:57,Mention east national discuss around kid time.,2025-03-26 20:08:38
468,10,20,,,Return skill him really fast security poor reach.,pending,2025-01-31 15:35:22,Point receive happy little.,2025-06-23 07:11:23
469,93,70,,,Within wife sense despite military.,declined,2025-02-02 20:44:25,Consumer give recently candidate heavy stay girl.,2025-06-21 23:15:19
470,167,188,,,Consumer season report professor course tend.,In Progress,2024-09-18 08:25:38,Pressure style agency change use result interview.,2025-06-17 02:06:11
471,73,104,,,Conference school instead want mean current.,completed,2025-02-06 09:53:22,Hear technology decision throughout usually red society.,2025-03-12 21:22:25
472,38,282,,,Beat nation coach when spring ball husband.,completed,2025-06-15 14:30:22,Fast hundred section good.,2025-01-25 06:55:53
473,44,239,,,Book along price sound car.,completed,2025-01-16 19:15:51,Other speak modern common fund man describe.,2025-06-10 05:07:13
474,26,53,,,Movie sit threat interesting course Mrs manager.,declined,2024-09-19 15:25:03,Shake avoid cell worker culture test.,2025-06-01 00:19:19
475,40,80,,,Successful remain student would visit social necessary.,In Progress,2025-05-03 20:01:34,Believe myself professional.,2025-01-20 15:52:45
476,21,3,,,House although nation professor candidate.,accepted,2025-04-04 05:29:56,Group popular office find until.,2025-03-13 00:58:34
477,179,7,,,Final popular arm shake remember.,In Progress,2025-01-28 02:53:16,Worker interesting treat seven player action.,2025-05-16 22:12:48
478,194,192,,,More environmental identify everything street thought tree.,declined,2025-06-04 03:51:55,Child capital my PM carry.,2025-05-02 23:03:31
479,84,72,,,Represent such step water issue home.,accepted,2025-02-11 17:38:21,Win decision share pattern hope.,2025-04-03 21:05:33
480,288,49,,,Course truth trouble.,declined,2025-03-10 10:25:05,Onto themselves nearly learn owner poor.,2025-05-08 23:13:00
481,281,98,,,Teach fire option tree public drug image.,completed,2025-06-08 23:13:20,Under top bar knowledge hear.,2025-07-02 23:53:55
482,40,273,,,Sport gun indeed accept however teach foreign responsibility.,completed,2025-03-29 13:43:10,Artist quality avoid suffer.,2025-07-05 12:14:24
483,1,47,,,Follow vote research affect family clear.,pending,2025-05-26 20:14:27,Community another economic weight authority never pass.,2025-03-18 13:35:10
484,267,95,,,According environmental character.,In Progress,2024-11-10 17:17:11,Go as money three local.,2025-04-10 01:44:40
485,168,280,,,Very social dark whose success factor program.,completed,2025-04-22 11:14:41,Sure personal best change total.,2025-06-20 01:03:23
486,144,160,,,Study perhaps may it trial.,In Progress,2024-12-12 03:52:13,Trouble may past tell my compare.,2025-02-16 15:51:02
487,42,204,,,Car case here end.,completed,2025-03-11 01:45:03,Himself speech lose detail.,2025-04-16 13:31:00
488,238,82,,,Who country draw outside third need ready.,declined,2024-12-05 06:12:12,Possible may thought kitchen include law herself be.,2025-04-19 22:19:40
489,273,172,,,Suffer choose pattern may space.,pending,2024-07-21 13:21:08,Recognize state crime cultural pretty large bit low.,2025-06-02 07:40:19
490,7,253,,,Particularly difficult any too attention both us.,completed,2025-03-29 19:21:57,Policy name say little sign.,2025-02-27 02:59:02
491,61,144,,,Physical might beyond final.,In Progress,2024-12-31 15:33:18,Successful ground see he note bar.,2025-01-13 08:22:24
492,241,191,,,Maybe behavior what tell between so.,pending,2024-11-19 04:15:43,Light foreign majority build.,2025-07-03 06:44:01
493,81,228,,,Exactly wrong impact feeling talk.,completed,2025-01-05 09:23:51,Increase sure provide recently skin sense trade.,2025-03-23 06:02:14
494,294,177,,,Information method measure agreement.,accepted,2024-08-31 02:04:31,Maintain pay dark tend physical network tree step.,2025-02-25 22:09:46
495,101,107,,,Beat represent wife rise stay.,accepted,2025-04-27 21:40:33,Movie accept foreign ground animal tough.,2025-03-20 22:11:02
496,144,246,,,Grow fly seat product beat.,In Progress,2024-09-24 15:54:35,Anyone out stop show common sea.,2025-04-04 13:38:58
497,89,269,,,Very shake pull let they allow heavy.,pending,2024-09-23 18:47:00,Allow place movie glass less firm travel.,2025-02-04 08:34:27
498,16,158,,,Item customer Congress without catch responsibility compare seven.,declined,2025-05-19 13:49:20,Nature effort open player.,2025-06-29 01:57:35
499,206,239,,,Back pressure record specific society firm politics.,declined,2025-06-24 12:17:33,Season wonder lay manage.,2025-06-29 19:23:08
500,221,60,,,International stop low go writer material establish.,In Progress,2025-01-24 10:17:58,Major medical exist morning future could model father.,2025-06-02 09:20:38
