block_id,provider_id,start_time,end_time,description,created_at
1,36,2025-02-10 09:03:04,2025-02-02 02:26:23,Drug point piece family.,2025-03-26 01:54:07
2,7,2025-01-14 12:03:07,2025-06-22 02:31:44,Mind both box paper.,2025-03-08 23:23:07
3,77,2025-02-03 14:22:22,2025-01-02 22:45:59,Quickly official mention stock right several floor.,2025-02-19 23:01:21
4,80,2025-06-05 01:06:59,2025-01-04 20:20:38,I order attack player white cost.,2025-01-23 17:14:44
5,72,2025-05-03 05:45:50,2025-02-21 01:01:40,Relationship may TV thought.,2025-04-16 08:04:26
6,53,2025-02-22 16:33:42,2025-06-13 13:29:25,School up ready include down.,2025-05-10 14:00:43
7,88,2025-04-05 15:18:02,2025-04-07 10:57:36,Necessary alone of design.,2025-02-24 16:34:38
8,49,2025-04-05 22:04:49,2025-01-19 19:38:02,Once information so population nor worry form stop.,2025-04-09 04:00:14
9,53,2025-06-22 09:38:25,2025-01-15 11:20:29,Subject public cause card four necessary.,2025-01-18 04:16:35
10,24,2025-07-03 00:18:12,2025-02-27 10:56:05,Pattern study whose cause.,2025-06-01 15:07:20
11,61,2025-01-07 00:14:06,2025-01-18 15:31:48,Poor floor stop school again agent kid.,2025-02-02 16:40:00
12,66,2025-01-29 21:03:28,2025-07-04 23:43:50,How method save admit today growth couple.,2025-06-12 03:44:06
13,19,2025-06-21 19:55:25,2025-01-26 05:20:29,Assume son house.,2025-02-08 12:08:54
14,26,2025-05-12 17:27:50,2025-01-17 23:17:01,Outside wall still job life.,2025-02-03 18:48:53
15,25,2025-05-06 09:30:55,2025-03-13 18:21:15,Personal election at dark happen short check.,2025-07-04 11:28:59
16,36,2025-01-22 10:27:23,2025-04-01 09:43:02,East international be television certainly agree.,2025-01-07 22:10:47
17,28,2025-02-12 02:46:18,2025-01-16 02:56:49,Billion difference loss teacher.,2025-06-25 12:58:20
18,28,2025-07-03 07:20:59,2025-05-01 02:05:04,Tv move on identify field mother letter who.,2025-02-20 01:07:03
19,22,2025-04-01 15:26:09,2025-02-17 05:37:59,Rise clear baby range rather call.,2025-02-13 20:15:45
20,9,2025-05-15 08:15:04,2025-01-18 19:58:02,Blood a by social eat exist relate myself.,2025-01-19 15:06:31
21,45,2025-07-03 00:55:28,2025-03-20 21:55:29,Growth visit a law better including.,2025-04-02 06:38:53
22,62,2025-03-22 02:44:24,2025-02-19 11:34:42,Movie seat large summer wide avoid.,2025-04-27 05:10:12
23,40,2025-03-09 17:25:18,2025-06-03 02:14:39,Turn let just too recent visit role.,2025-04-23 01:43:54
24,76,2025-01-03 17:52:10,2025-04-11 02:32:16,Anyone opportunity heart boy discussion capital difficult.,2025-06-14 17:39:00
25,27,2025-03-20 13:01:37,2025-03-13 15:58:12,Race watch fact detail.,2025-01-04 21:09:17
26,66,2025-06-24 03:16:31,2025-03-21 10:22:54,Young investment must race.,2025-04-04 05:35:59
27,73,2025-05-07 20:38:44,2025-06-12 22:49:08,Decide relate believe attorney marriage.,2025-04-06 13:17:40
28,11,2025-06-06 12:27:58,2025-01-17 15:44:30,Reduce reduce sit seat.,2025-02-08 09:27:07
29,79,2025-01-30 13:56:17,2025-05-12 05:53:02,Power wrong class every tend trouble policy.,2025-05-04 14:40:59
30,69,2025-01-19 01:34:56,2025-04-10 15:41:42,Movement home conference also.,2025-03-08 18:58:11
31,71,2025-06-15 00:20:43,2025-06-09 14:02:50,Include certainly authority.,2025-06-25 01:42:38
32,43,2025-01-27 04:32:10,2025-05-18 20:21:00,Among responsibility despite human.,2025-04-10 04:41:39
33,73,2025-01-02 22:29:50,2025-05-18 09:18:01,Before budget various smile.,2025-04-03 04:03:29
34,7,2025-05-05 14:57:49,2025-02-27 03:05:36,Push success color look.,2025-01-12 19:47:45
35,8,2025-06-13 15:16:35,2025-05-17 22:07:33,Any again house foot hour blue huge.,2025-05-08 06:13:23
36,46,2025-04-03 22:40:03,2025-04-04 18:28:12,Heart me support avoid their information issue help.,2025-05-25 16:12:42
37,32,2025-03-20 11:03:08,2025-06-12 17:34:04,Push live beautiful authority organization movie total.,2025-04-19 14:07:57
38,6,2025-03-27 05:58:15,2025-02-25 17:17:26,Picture social how forward popular learn once a.,2025-01-31 18:50:36
39,89,2025-05-22 08:47:18,2025-01-01 08:06:38,Task article whole eat board produce.,2025-06-02 05:08:23
40,14,2025-01-06 21:59:29,2025-05-21 10:38:57,Reason staff light letter down.,2025-03-31 14:26:15
41,56,2025-05-27 21:13:29,2025-02-10 04:17:37,Night every politics.,2025-05-23 18:27:49
42,33,2025-05-20 14:02:27,2025-02-19 00:33:06,Low perhaps visit sort stock message.,2025-03-31 00:07:30
43,67,2025-05-05 17:08:26,2025-03-01 18:43:27,Throw society time history drop him.,2025-04-09 00:52:15
44,47,2025-05-25 12:50:14,2025-02-13 03:13:24,Together sure each their include.,2025-03-07 00:51:22
45,80,2025-03-17 09:08:33,2025-05-31 04:15:43,Particularly history seek difference around.,2025-02-20 01:08:35
46,95,2025-04-22 13:38:20,2025-02-04 14:44:23,Technology check join plan.,2025-05-25 16:26:16
47,30,2025-04-04 13:16:29,2025-02-19 23:14:17,Summer evidence risk star election call.,2025-06-08 01:42:17
48,56,2025-04-28 17:21:24,2025-05-30 04:26:55,Final loss similar.,2025-01-17 02:51:58
49,38,2025-04-09 10:23:17,2025-06-22 10:39:57,Finally attorney traditional until.,2025-05-28 05:13:15
50,60,2025-05-25 07:06:54,2025-02-24 23:27:17,Record despite language forget what sing.,2025-03-13 20:10:40
51,47,2025-03-24 00:52:16,2025-03-27 16:43:57,Paper peace provide.,2025-04-04 15:23:21
52,34,2025-01-06 00:36:09,2025-01-29 00:26:12,Police treat art song.,2025-06-23 21:02:23
53,44,2025-06-28 19:51:52,2025-04-09 22:38:29,Key around rich.,2025-02-26 13:58:23
54,71,2025-05-30 11:52:27,2025-01-29 12:43:18,Hour although explain.,2025-06-18 04:55:41
55,2,2025-03-11 09:08:32,2025-06-29 07:26:34,Because wrong down especially mind.,2025-04-11 19:38:30
56,1,2025-02-25 12:57:06,2025-03-14 15:35:16,More describe light safe quickly environment responsibility newspaper.,2025-04-01 15:45:11
57,60,2025-02-18 19:39:31,2025-01-16 13:12:56,Low help hotel.,2025-01-12 00:31:07
58,17,2025-03-20 16:43:39,2025-01-31 12:49:02,Peace name nature.,2025-01-27 01:47:31
59,56,2025-04-19 11:00:40,2025-04-27 07:50:31,Mind which side already.,2025-06-02 00:17:19
60,31,2025-05-23 18:47:00,2025-06-20 19:02:23,Page themselves purpose term city far father.,2025-04-01 19:45:23
61,34,2025-04-27 11:33:56,2025-01-30 22:10:40,Dark democratic join dinner television along authority.,2025-04-12 04:15:34
62,10,2025-05-06 10:28:08,2025-06-17 14:55:44,Night increase defense course apply standard.,2025-01-24 22:09:32
63,89,2025-01-20 19:01:46,2025-05-22 13:37:56,Degree enter task public design study.,2025-04-10 22:47:21
64,57,2025-01-16 00:09:54,2025-03-03 13:36:44,Health improve smile Mrs while.,2025-02-08 12:17:35
65,33,2025-03-30 08:15:16,2025-06-25 15:19:10,Receive could produce church.,2025-06-17 04:50:53
66,81,2025-05-29 06:50:10,2025-01-08 12:28:54,Accept share board top true sure worry.,2025-02-09 02:51:33
67,59,2025-06-29 21:35:19,2025-07-04 04:17:26,Democratic we fine space ground direction.,2025-03-08 21:43:41
68,71,2025-03-12 16:32:13,2025-06-15 04:56:42,Movement realize usually less sometimes interview.,2025-06-06 01:37:58
69,75,2025-05-28 15:37:39,2025-03-17 16:05:09,Information less industry record nature believe offer.,2025-05-13 14:49:17
70,49,2025-02-06 19:56:01,2025-05-09 10:53:52,Ready spring could true.,2025-05-13 21:36:23
71,20,2025-06-14 11:02:21,2025-03-04 20:51:19,Fight data may economy few relate.,2025-04-18 01:23:22
72,26,2025-03-28 18:39:19,2025-06-02 08:58:52,Information relationship state professor new boy type phone.,2025-03-29 10:44:33
73,77,2025-02-10 22:10:24,2025-05-23 13:52:49,Year ask low task.,2025-03-07 07:06:21
74,65,2025-03-22 21:33:54,2025-06-25 15:16:17,Wait option a.,2025-06-14 02:27:55
75,43,2025-01-19 02:10:24,2025-05-14 19:21:42,Enough stage case public store.,2025-04-22 08:11:05
76,5,2025-02-07 13:05:22,2025-05-03 15:12:43,Position hit avoid property forget garden voice.,2025-02-04 21:21:22
77,64,2025-06-17 19:04:47,2025-05-07 09:29:49,Court positive Republican relationship modern.,2025-01-26 12:58:18
78,95,2025-02-02 17:19:23,2025-04-13 11:40:05,Two concern election option car age production.,2025-06-26 17:28:13
79,18,2025-03-28 18:16:27,2025-03-05 23:25:04,Do strong air TV race.,2025-05-29 05:58:43
80,87,2025-04-22 18:36:43,2025-05-18 18:47:31,Face surface care high.,2025-03-29 04:47:07
81,85,2025-01-30 21:37:41,2025-01-30 00:58:26,Skill four play resource.,2025-04-20 09:29:46
82,22,2025-06-10 10:51:39,2025-06-23 12:55:53,While take learn view account.,2025-06-07 16:16:59
83,100,2025-04-27 17:23:48,2025-03-15 20:59:26,Hope fast phone treat condition across.,2025-04-28 19:49:32
84,78,2025-06-04 20:18:35,2025-04-30 21:01:39,Economic goal bad various.,2025-03-04 06:03:56
85,32,2025-05-13 22:43:22,2025-03-11 23:33:01,Since ahead art year.,2025-06-11 23:05:00
86,1,2025-06-02 05:53:19,2025-04-13 15:32:08,Task good century in painting region talk.,2025-07-09 10:55:40
87,81,2025-06-15 06:15:46,2025-05-20 04:59:12,Dark spend item rest else manager.,2025-02-24 18:43:19
88,84,2025-05-17 23:23:01,2025-06-14 19:36:00,Middle human chance get within contain speech.,2025-03-24 18:31:34
89,83,2025-03-26 07:57:43,2025-01-13 06:44:47,Human near somebody sing certainly effect draw.,2025-05-05 08:50:09
90,85,2025-04-08 15:13:42,2025-01-19 06:34:10,Try knowledge wall work event meet care.,2025-06-25 02:21:34
91,12,2025-05-21 13:24:45,2025-01-28 04:52:48,Blood science human American answer cold.,2025-04-20 00:55:38
92,32,2025-04-30 08:00:29,2025-04-03 23:48:43,President set two part.,2025-03-05 08:44:20
93,8,2025-01-31 18:31:08,2025-01-25 00:38:11,There bill attorney fast out page.,2025-01-14 23:35:40
94,71,2025-01-19 20:17:13,2025-07-05 18:03:48,Enjoy eye strategy try writer war apply.,2025-04-13 09:16:30
95,79,2025-02-01 15:25:21,2025-03-21 07:30:48,Film mind point pass.,2025-06-03 03:56:06
96,96,2025-02-18 16:33:17,2025-06-10 23:43:53,Family reality available travel.,2025-03-09 19:38:28
97,32,2025-01-15 23:27:09,2025-05-16 05:40:15,Face hour consider certain hear itself.,2025-05-20 15:14:33
98,68,2025-01-18 09:32:52,2025-02-17 05:07:59,Off task high they realize.,2025-02-16 11:38:21
99,95,2025-01-21 23:14:04,2025-04-04 13:40:24,Cut paper others sit carry discover.,2025-06-18 09:12:12
100,70,2025-05-06 21:21:51,2025-05-29 19:14:29,Lay here author budget sell.,2025-02-13 04:29:01
101,64,2025-06-14 17:09:52,2025-01-11 01:11:36,Nature what rock herself.,2025-03-25 06:41:10
102,23,2025-02-26 06:43:07,2025-06-19 07:14:14,Step design enjoy every management learn similar.,2025-05-25 04:19:11
103,4,2025-05-30 13:00:40,2025-02-26 05:36:02,Talk other morning believe agreement among sure.,2025-03-12 18:01:02
104,36,2025-06-01 20:14:23,2025-04-30 14:38:30,Impact little something.,2025-07-06 18:38:12
105,70,2025-05-23 07:36:21,2025-02-04 08:13:55,Bag they require until determine kind recognize outside.,2025-03-22 05:49:32
106,100,2025-01-11 04:35:18,2025-06-11 07:24:30,Society yes lose ground.,2025-01-22 06:28:49
107,22,2025-05-12 12:29:29,2025-05-07 06:21:46,Analysis just former car cut rest.,2025-05-15 11:31:53
108,21,2025-04-08 17:39:36,2025-05-02 01:16:42,Hand federal have.,2025-05-17 01:22:57
109,64,2025-06-10 17:39:17,2025-06-30 15:30:44,Discover wide trial someone begin police.,2025-03-16 04:40:51
110,4,2025-03-15 02:25:15,2025-02-25 19:29:18,Human treatment order model serve total.,2025-05-15 00:42:46
111,86,2025-01-02 18:55:06,2025-04-02 03:04:09,Black material city white daughter situation.,2025-06-07 18:56:13
112,6,2025-06-03 20:24:12,2025-03-16 13:07:16,Top politics left consumer much short point.,2025-01-31 10:42:23
113,76,2025-06-08 00:20:57,2025-01-16 04:50:42,Friend summer can past laugh which.,2025-01-12 06:01:28
114,63,2025-01-21 00:09:53,2025-06-27 08:29:04,Hair relationship despite cultural leg group.,2025-01-03 07:36:14
115,37,2025-05-09 07:03:00,2025-03-09 15:40:29,Arm possible civil difference hundred degree fear.,2025-03-22 17:03:24
116,89,2025-04-04 04:05:13,2025-02-10 14:43:50,Trouble action meeting election senior.,2025-01-05 00:50:00
117,22,2025-01-01 23:14:47,2025-03-26 14:55:59,Feel player medical rich town.,2025-07-02 09:03:59
118,19,2025-05-26 21:55:26,2025-06-04 09:51:03,Prove green side painting.,2025-07-01 21:03:24
119,38,2025-05-29 07:46:46,2025-03-03 08:24:40,Job stuff financial likely.,2025-03-22 02:09:14
120,97,2025-04-30 03:54:07,2025-03-20 16:54:04,Happen class technology low take want leader environment.,2025-03-07 16:26:17
121,55,2025-01-17 21:26:57,2025-01-26 04:04:20,Office interest pattern maybe.,2025-06-12 12:19:12
122,49,2025-01-19 01:16:13,2025-07-05 14:15:32,Without attention newspaper five while nor.,2025-02-22 18:43:24
123,38,2025-06-14 20:25:23,2025-05-06 08:12:26,Concern energy three tend special local risk central.,2025-05-12 16:16:41
124,41,2025-05-14 23:27:10,2025-02-24 15:18:50,Direction very food believe himself person real.,2025-06-16 18:46:07
125,53,2025-04-08 10:23:37,2025-01-16 21:22:36,Budget sit throughout social.,2025-06-29 15:33:20
126,42,2025-03-08 18:27:53,2025-04-03 20:51:15,Human thank little scene news.,2025-06-18 10:14:17
127,63,2025-05-28 12:49:49,2025-04-01 00:59:03,Effect per section anything.,2025-05-23 17:44:06
128,41,2025-01-18 08:51:56,2025-04-16 23:39:23,Minute notice who enjoy.,2025-02-26 21:47:09
129,25,2025-06-18 15:42:22,2025-01-16 03:13:36,Citizen surface seek live more imagine.,2025-02-07 04:46:13
130,63,2025-03-27 10:12:49,2025-06-11 22:19:04,Together baby clear party accept.,2025-03-21 16:13:25
131,42,2025-04-18 11:19:43,2025-01-30 07:58:03,Per day matter public maybe film.,2025-04-05 13:40:45
132,78,2025-05-30 15:50:55,2025-04-02 00:25:43,Indicate former important who.,2025-06-26 20:47:17
133,76,2025-06-16 05:57:55,2025-03-28 04:34:52,Night manager structure follow western.,2025-02-18 17:52:08
134,10,2025-05-13 22:36:44,2025-03-03 02:54:45,Successful officer reason prevent.,2025-04-08 14:30:20
135,25,2025-05-29 17:03:30,2025-02-11 11:24:36,Election often require study.,2025-05-24 20:38:39
136,34,2025-07-06 01:52:07,2025-07-04 22:24:21,House pretty adult two foot court.,2025-03-20 03:15:08
137,11,2025-03-22 23:45:40,2025-05-08 17:37:52,Security gun medical wear official carry next gas.,2025-02-14 22:00:02
138,7,2025-03-12 13:12:28,2025-03-27 14:24:10,Physical drug notice window market.,2025-02-19 10:41:50
139,55,2025-01-12 05:29:45,2025-02-20 16:28:37,Situation technology boy how toward Congress develop.,2025-05-30 22:57:16
140,21,2025-07-05 04:27:10,2025-02-18 10:44:57,Eye mother live fly.,2025-03-19 09:36:20
141,86,2025-03-20 20:33:00,2025-02-01 18:57:59,However report actually rock operation.,2025-05-17 19:22:29
142,15,2025-03-18 11:15:56,2025-02-24 10:01:32,Body help about beautiful.,2025-06-26 03:42:08
143,10,2025-05-04 15:41:04,2025-05-02 05:16:55,Rate bag bank situation figure.,2025-03-12 06:18:56
144,32,2025-02-04 07:53:58,2025-05-25 00:14:47,As may only condition white.,2025-01-02 09:25:00
145,74,2025-04-11 22:41:17,2025-05-04 10:08:02,Push pay language somebody trouble life wear.,2025-03-22 07:01:24
146,83,2025-04-17 00:40:54,2025-04-01 12:54:41,Here final fly lay among either least.,2025-04-16 19:43:26
147,52,2025-01-10 17:02:54,2025-03-10 15:02:56,Different dream particularly ask heart serious system local.,2025-04-10 19:12:32
148,88,2025-01-05 15:10:48,2025-06-09 05:53:09,Along dinner threat.,2025-03-01 17:18:05
149,17,2025-01-15 01:50:27,2025-01-13 16:44:42,Two drive site pay about these.,2025-06-14 01:20:46
150,1,2025-03-18 18:08:44,2025-02-08 21:42:18,Represent former street appear near arrive as follow.,2025-02-10 09:08:53
151,68,2025-01-04 11:01:37,2025-06-22 05:54:51,News law put call strong fund affect.,2025-01-13 10:46:50
152,72,2025-02-07 15:04:50,2025-01-07 00:46:26,Appear old model camera ability Democrat.,2025-01-07 20:30:49
153,36,2025-04-05 21:23:02,2025-06-12 00:28:56,Will investment big.,2025-03-13 18:46:19
154,35,2025-05-30 15:16:14,2025-06-17 04:35:38,Day city owner once.,2025-06-21 06:23:41
155,66,2025-03-05 07:35:06,2025-03-23 10:57:25,Add officer share.,2025-04-11 05:17:39
156,32,2025-06-03 09:41:15,2025-03-14 01:36:33,Design speak truth phone pretty father.,2025-02-12 20:02:15
157,31,2025-06-07 11:51:28,2025-07-03 18:17:54,Music play resource weight impact.,2025-05-25 06:47:29
158,73,2025-04-13 21:42:31,2025-03-01 09:19:17,Can ever present.,2025-06-01 18:51:43
159,94,2025-06-14 06:41:27,2025-04-07 20:56:38,Teacher institution event notice fight thought available.,2025-01-16 02:29:07
160,13,2025-05-04 08:15:10,2025-04-23 08:27:48,Discover check generation.,2025-04-12 17:45:24
161,20,2025-02-15 21:51:56,2025-07-02 06:11:05,Real such protect participant then oil child.,2025-05-04 07:09:11
162,12,2025-05-26 04:38:38,2025-05-20 13:07:37,Figure see science position serious music affect.,2025-03-27 23:58:27
163,44,2025-03-27 17:11:20,2025-02-01 21:21:28,When decide office today business pattern former.,2025-02-13 11:50:17
164,44,2025-04-01 21:37:40,2025-03-28 04:37:27,Performance she matter need investment beat series.,2025-03-17 06:41:36
165,87,2025-02-11 19:59:08,2025-05-03 00:40:10,Player quite environment despite.,2025-06-17 06:10:55
166,30,2025-03-22 03:51:43,2025-01-01 07:18:55,With page tend artist peace police it radio.,2025-06-23 06:50:16
167,18,2025-02-22 04:01:24,2025-03-10 18:34:48,Pay difference seek wonder.,2025-03-10 11:26:14
168,76,2025-05-01 13:46:44,2025-01-02 02:41:17,Probably thousand those.,2025-06-28 02:50:01
169,22,2025-05-12 21:53:29,2025-03-30 04:11:59,Power put culture.,2025-03-25 22:57:13
170,78,2025-05-14 06:56:21,2025-01-14 18:03:18,Six heart say experience.,2025-05-26 10:33:18
171,90,2025-02-04 17:52:33,2025-04-19 17:42:10,Church factor hour hear.,2025-01-06 06:24:36
172,21,2025-06-04 14:22:30,2025-02-08 11:40:39,Each daughter seek wife bag.,2025-06-18 23:23:21
173,53,2025-06-12 14:41:51,2025-01-09 18:40:34,Beautiful something theory car group meet.,2025-05-22 03:41:37
174,47,2025-04-16 05:53:27,2025-05-05 17:09:11,She real blue charge significant.,2025-03-19 19:21:32
175,78,2025-03-29 07:23:17,2025-02-04 03:51:30,Piece various range identify available real indeed.,2025-04-02 12:26:26
176,52,2025-05-17 12:37:10,2025-02-09 07:18:26,Admit to set effect experience.,2025-04-02 18:30:57
177,57,2025-06-03 23:03:56,2025-01-19 03:29:01,Blood international business official win.,2025-05-26 07:18:42
178,90,2025-04-17 20:06:37,2025-02-19 13:43:56,Us expert fish participant kid continue fly.,2025-06-18 08:43:05
179,61,2025-06-08 17:32:28,2025-04-11 18:57:36,Fund five owner sign item eye.,2025-04-04 03:20:52
180,74,2025-02-08 04:18:49,2025-01-13 08:59:42,Significant ahead long remember type southern.,2025-05-26 01:25:10
181,23,2025-02-04 02:37:59,2025-06-19 23:44:15,Identify treatment happy modern it himself election according.,2025-06-08 20:47:36
182,81,2025-01-16 01:49:56,2025-02-17 18:53:56,Yet family check middle discover rule how.,2025-01-23 05:49:35
183,49,2025-01-19 19:38:53,2025-06-02 03:07:26,Represent travel million quality.,2025-03-28 18:29:09
184,3,2025-01-26 21:23:58,2025-02-15 08:19:01,State production he plan clearly speak.,2025-05-07 12:00:51
185,46,2025-04-03 17:31:19,2025-02-09 22:31:20,Leg these decide manage along argue family.,2025-02-04 04:25:53
186,59,2025-01-24 12:31:54,2025-06-07 01:09:50,We citizen believe allow.,2025-05-03 01:33:56
187,57,2025-01-01 04:14:56,2025-05-12 06:36:50,Blood here hand threat decade sense.,2025-02-25 06:27:10
188,72,2025-06-11 00:24:51,2025-04-05 18:02:19,Physical kind teach north both son can.,2025-01-29 23:50:31
189,49,2025-04-20 18:44:28,2025-06-11 16:31:20,Focus among government everything media offer.,2025-01-18 23:51:55
190,99,2025-06-21 02:58:23,2025-01-15 02:31:31,Low many painting rise.,2025-03-18 10:36:35
191,80,2025-05-21 02:08:01,2025-05-20 16:49:30,Fight certainly probably red strong move bank agreement.,2025-01-09 09:45:51
192,24,2025-03-31 17:20:44,2025-02-16 23:56:25,Media these these light.,2025-03-10 17:09:55
193,12,2025-06-01 02:39:12,2025-05-02 19:43:00,Hope black see say tend last need.,2025-03-25 12:23:41
194,28,2025-04-25 17:40:05,2025-03-10 00:15:40,Too parent under sort.,2025-06-14 21:16:10
195,29,2025-03-21 01:39:20,2025-05-04 15:43:03,Not character he world bar write.,2025-02-03 09:59:02
196,32,2025-06-19 04:27:28,2025-07-07 07:28:22,Development improve voice ground somebody gas.,2025-04-02 02:14:38
197,9,2025-05-03 17:51:04,2025-05-14 08:04:09,Size spend without stop.,2025-01-27 03:00:39
198,73,2025-04-13 06:44:20,2025-05-31 11:55:39,Old eight body effort then look note.,2025-03-22 01:52:23
199,7,2025-01-29 21:22:01,2025-01-30 03:37:02,Focus your goal fact large make only.,2025-06-12 19:47:21
200,90,2025-01-14 05:11:01,2025-03-17 22:20:10,Information wall increase step light stand.,2025-03-15 12:40:13
201,44,2025-04-09 23:46:39,2025-01-19 07:31:06,Sport real why language improve main.,2025-03-23 22:58:45
202,98,2025-03-13 22:28:59,2025-05-10 01:40:15,Woman adult include effect analysis prepare general.,2025-06-21 12:12:52
203,78,2025-01-16 05:52:05,2025-04-16 13:46:03,Quickly far prove agreement wind make training free.,2025-05-31 09:28:45
204,12,2025-06-17 19:41:14,2025-04-27 11:03:42,Newspaper step camera order.,2025-06-17 07:40:43
205,23,2025-05-09 14:54:25,2025-01-23 08:43:39,Resource above cultural next these certain probably.,2025-05-04 06:07:49
206,53,2025-04-09 23:49:21,2025-07-05 18:10:07,Share very purpose.,2025-04-26 18:52:16
207,94,2025-07-06 10:05:39,2025-04-06 03:34:27,Certainly threat create television step special woman they.,2025-01-03 04:48:40
208,12,2025-04-30 19:02:41,2025-06-03 16:40:42,Field member peace matter.,2025-03-09 22:14:14
209,61,2025-05-15 09:17:18,2025-03-12 01:10:29,Foot article soon account.,2025-05-02 12:39:38
210,34,2025-01-29 01:13:58,2025-04-13 19:52:26,Series late bill item goal.,2025-05-19 02:05:13
211,28,2025-05-08 12:46:24,2025-01-20 09:46:24,Compare gas laugh site cold deep president.,2025-03-15 04:44:31
212,8,2025-02-02 15:12:27,2025-04-14 09:32:16,Interest system amount nor.,2025-06-21 02:30:30
213,60,2025-06-11 10:36:39,2025-04-16 23:47:46,Spend see seven single.,2025-06-19 03:13:34
214,92,2025-04-10 10:49:43,2025-04-17 20:27:18,Short generation area all wind.,2025-05-01 19:19:19
215,96,2025-07-09 07:59:00,2025-02-11 10:02:43,I him common official.,2025-03-24 12:52:28
216,53,2025-06-12 00:35:50,2025-04-10 13:38:45,Should challenge camera close health.,2025-07-05 10:17:26
217,94,2025-05-06 12:25:14,2025-04-04 07:52:30,Deep past pull your soon.,2025-01-23 22:37:45
218,42,2025-01-16 20:38:49,2025-07-07 10:24:26,Million order whose population attack name important.,2025-04-29 12:52:35
219,94,2025-06-20 21:27:33,2025-02-25 00:21:39,By friend huge.,2025-05-07 05:45:29
220,29,2025-02-08 00:46:57,2025-04-13 23:52:55,Cause program smile year.,2025-03-08 03:16:26
221,78,2025-04-11 19:10:45,2025-01-16 09:07:11,Sense rise inside policy return.,2025-02-01 03:27:51
222,97,2025-03-18 22:54:22,2025-06-27 04:07:30,Wait music meeting teach call.,2025-02-07 00:29:50
223,33,2025-03-01 16:03:47,2025-01-03 05:03:17,Central bed close.,2025-05-01 17:28:51
224,26,2025-04-21 04:52:03,2025-03-08 21:36:50,I least property government resource state environmental concern.,2025-01-09 00:09:59
225,93,2025-04-05 17:01:03,2025-06-04 14:15:30,Study real late require.,2025-03-09 14:49:02
226,12,2025-01-29 04:45:33,2025-01-31 18:09:14,Travel nature product race admit.,2025-02-27 11:53:33
227,56,2025-06-18 07:50:55,2025-03-08 00:28:03,Food computer likely those affect day.,2025-06-06 01:54:32
228,5,2025-02-04 13:38:10,2025-01-23 08:06:15,Result source home free plant affect shoulder throughout.,2025-01-31 19:05:14
229,84,2025-01-15 06:59:16,2025-03-19 04:51:18,Room security candidate part begin political conference.,2025-06-02 07:47:52
230,99,2025-01-17 08:23:19,2025-05-20 16:48:03,To case impact hand.,2025-05-26 22:48:47
231,93,2025-05-08 18:03:49,2025-01-15 13:07:27,Administration everybody together daughter himself behavior hot.,2025-01-26 21:01:49
232,19,2025-04-03 14:57:43,2025-06-03 11:34:30,Others tend effort.,2025-01-10 19:17:35
233,2,2025-05-18 01:07:52,2025-03-21 09:46:47,Wear serve myself organization military true myself finish.,2025-01-13 08:46:41
234,58,2025-02-20 21:01:30,2025-04-18 18:23:01,Scene six require reach middle painting.,2025-02-07 09:55:33
235,88,2025-05-07 21:09:59,2025-04-13 14:33:36,Role five cause series citizen move.,2025-01-19 10:01:44
236,56,2025-03-30 02:20:15,2025-06-19 20:48:21,Speak skin prove perhaps floor question.,2025-03-09 15:10:54
237,25,2025-01-05 22:26:03,2025-04-26 07:10:47,Agency trouble southern imagine main indeed teach.,2025-05-11 18:30:32
238,93,2025-06-09 23:05:35,2025-01-23 09:36:34,Beautiful animal someone lay rich hair build.,2025-04-02 11:04:59
239,15,2025-06-06 11:28:42,2025-01-25 21:41:44,Century medical soon different manage.,2025-05-22 04:43:51
240,19,2025-03-23 18:45:48,2025-03-04 16:54:09,Happen sure bill feel.,2025-05-09 03:38:35
241,20,2025-03-29 18:08:45,2025-02-28 06:18:28,Each ok order.,2025-05-12 19:16:30
242,33,2025-03-11 17:39:31,2025-06-03 18:33:45,Attention organization option decade eye behavior risk.,2025-02-13 12:31:14
243,5,2025-06-02 07:11:44,2025-06-30 23:01:59,Reason book wish guess practice threat Congress.,2025-04-07 16:53:00
244,17,2025-01-22 18:18:25,2025-05-11 13:22:15,Usually much pass person north draw perhaps.,2025-06-14 18:26:48
245,30,2025-06-08 11:04:16,2025-06-23 09:36:34,Toward sometimes executive worker event close.,2025-05-03 11:21:19
246,79,2025-02-22 13:06:59,2025-02-07 19:04:38,Poor most son.,2025-01-05 11:56:10
247,5,2025-04-21 06:40:11,2025-02-23 07:32:20,Lawyer hair growth now join.,2025-01-11 19:43:13
248,15,2025-01-27 18:52:23,2025-03-18 14:01:40,Political oil trial state adult little buy.,2025-05-30 00:08:28
249,35,2025-02-23 04:13:36,2025-03-25 16:09:14,Understand he yet so close able.,2025-04-18 08:48:02
250,16,2025-03-30 15:21:03,2025-05-29 06:18:49,Poor east event maintain money.,2025-03-22 15:37:18
251,34,2025-04-09 12:38:46,2025-02-20 03:09:17,Suggest mind reach throw possible.,2025-05-18 02:45:49
252,48,2025-04-15 09:19:44,2025-02-24 15:22:13,Question today firm or.,2025-07-09 01:39:12
253,33,2025-03-28 23:42:02,2025-06-21 10:49:46,Page finally there late pretty factor fine.,2025-01-19 00:01:16
254,33,2025-06-14 11:49:53,2025-01-30 14:26:40,Might race set data natural American.,2025-07-03 05:42:42
255,51,2025-03-03 10:50:31,2025-02-26 16:58:21,Clear day media money husband much.,2025-03-10 22:59:55
256,4,2025-07-08 22:17:24,2025-01-10 04:51:29,Sound or mission mission.,2025-01-01 09:21:14
257,51,2025-05-07 10:14:17,2025-04-21 10:46:27,Pattern white child then line door assume so.,2025-03-18 21:24:02
258,79,2025-01-25 10:00:40,2025-04-30 21:23:41,Message sure health person less store debate state.,2025-03-17 13:46:24
259,9,2025-02-02 14:07:59,2025-05-29 06:51:32,Relate enter four product.,2025-05-15 00:41:25
260,21,2025-02-01 02:20:52,2025-06-10 13:53:43,Where seven case teach form prove.,2025-04-05 03:02:53
261,53,2025-03-02 01:10:35,2025-04-01 23:39:13,Key mean run nation walk democratic produce.,2025-06-01 17:02:22
262,48,2025-03-30 19:51:09,2025-05-19 13:31:49,Late look lawyer technology including performance.,2025-02-09 21:21:05
263,97,2025-05-30 07:41:16,2025-05-23 03:14:34,Ok American moment trip single.,2025-01-29 01:48:52
264,27,2025-03-18 00:04:46,2025-02-20 17:19:38,Film choice his.,2025-02-07 08:12:57
265,48,2025-01-15 17:52:02,2025-01-12 09:10:05,Very responsibility at plan go phone people.,2025-06-08 01:27:16
266,60,2025-05-26 16:38:33,2025-01-11 06:21:53,In these fine power use teach.,2025-04-15 13:58:20
267,51,2025-01-18 03:57:24,2025-02-08 02:45:47,Environment money fire church summer cost.,2025-06-19 16:01:11
268,12,2025-06-25 23:13:10,2025-02-06 05:55:33,Certain fill western society almost ok tell.,2025-06-20 11:50:19
269,98,2025-04-03 18:27:51,2025-06-30 09:41:59,Step chair success live executive.,2025-03-21 08:48:48
270,35,2025-03-16 11:34:09,2025-04-21 12:59:37,Anything example center with.,2025-03-16 22:53:38
271,39,2025-02-04 12:50:44,2025-02-23 12:27:38,Responsibility imagine ground out.,2025-03-16 13:24:25
272,17,2025-03-24 02:36:03,2025-01-31 12:25:48,Him husband style effect goal.,2025-04-21 22:39:11
273,57,2025-06-10 18:44:32,2025-05-17 09:01:24,Scene girl unit chance nor.,2025-06-09 09:10:35
274,38,2025-01-28 16:23:00,2025-05-27 11:19:39,Theory knowledge dream husband data total.,2025-06-18 23:58:16
275,49,2025-03-20 21:47:07,2025-01-21 05:03:02,Cut by knowledge throughout also wear child success.,2025-04-06 12:12:59
276,6,2025-02-04 23:08:59,2025-05-02 11:27:55,Factor reduce idea fund responsibility staff anything.,2025-06-04 10:09:12
277,58,2025-05-09 17:01:04,2025-04-03 00:20:58,Development arm lawyer identify mission citizen treat.,2025-05-31 09:52:54
278,73,2025-01-25 19:08:39,2025-02-08 17:13:59,No contain want.,2025-03-29 22:24:23
279,8,2025-04-05 17:37:51,2025-05-21 16:15:59,Until majority blood record street want about program.,2025-02-17 14:39:55
280,44,2025-05-07 01:07:49,2025-05-10 05:10:34,Project prevent lose party.,2025-01-10 01:05:26
281,25,2025-05-21 15:08:27,2025-02-10 03:35:41,Community safe until left.,2025-06-27 11:18:18
282,77,2025-05-11 00:34:03,2025-03-10 02:46:55,Bed far machine too city responsibility food.,2025-06-05 23:01:28
283,2,2025-01-09 10:38:24,2025-06-12 13:16:19,Many lay on day remember policy.,2025-06-10 15:58:24
284,61,2025-05-22 07:25:53,2025-01-31 01:24:27,Old major only catch receive employee loss president.,2025-02-08 23:01:44
285,46,2025-07-04 18:10:35,2025-04-04 05:37:46,Watch plan throw building piece.,2025-04-01 10:43:16
286,12,2025-01-08 19:46:31,2025-06-20 17:54:40,Cold item really ball coach cut again customer.,2025-03-01 07:37:14
287,35,2025-02-11 06:01:46,2025-05-24 01:13:24,Religious thing action record wide.,2025-04-15 09:36:48
288,9,2025-03-03 07:47:03,2025-02-08 08:50:19,Win rich station hear must perform.,2025-02-12 16:10:29
289,33,2025-05-22 07:19:03,2025-03-29 14:51:34,For fact win ask treatment live cut.,2025-07-06 05:23:26
290,28,2025-07-01 01:50:03,2025-05-17 11:13:59,Truth often we.,2025-01-03 19:58:53
291,89,2025-01-15 05:46:14,2025-04-26 11:13:01,Company middle particular then green.,2025-04-15 08:51:52
292,8,2025-02-19 18:52:17,2025-04-04 15:01:28,Girl break art word.,2025-05-28 13:40:53
293,67,2025-06-18 05:11:09,2025-04-06 12:23:00,We career less program song such effort.,2025-03-31 23:20:09
294,61,2025-05-08 01:43:42,2025-01-11 12:43:41,Everything interview recognize friend get although.,2025-03-28 09:09:07
295,49,2025-05-02 14:43:43,2025-01-19 05:05:39,Through very inside step director civil evening.,2025-05-08 04:24:51
296,1,2025-01-21 16:48:27,2025-04-06 14:48:04,Modern act back.,2025-05-20 04:04:55
297,27,2025-04-02 16:33:03,2025-06-12 21:53:42,Door court matter decide.,2025-06-03 08:09:56
298,3,2025-04-07 00:13:43,2025-02-09 23:02:38,Issue among nice.,2025-01-10 07:54:23
299,28,2025-06-25 04:32:53,2025-06-29 22:48:38,Check challenge firm week article successful.,2025-07-05 00:59:39
300,8,2025-07-05 17:19:07,2025-07-01 09:05:25,Week indicate them claim perhaps simply.,2025-04-08 17:20:42
