review_id,booking_id,comment,created_at
1,335,Whether reality break work enjoy through.,2025-05-21 22:45:10
2,384,Society face brother carry.,2025-02-06 12:48:40
3,340,Sell laugh figure mouth voice father evening economy.,2025-03-14 13:47:37
4,405,Save international true dog.,2025-04-14 03:00:45
5,492,However will drop cover certain ok.,2025-06-12 14:52:19
6,197,I positive five drug.,2025-02-10 22:32:45
7,313,Thousand carry society page election figure take adult.,2025-06-11 10:13:53
8,15,Analysis look employee move.,2025-01-04 14:43:34
9,364,Party step break drug system place say.,2025-06-01 20:54:12
10,387,Test pick world he to.,2025-05-01 22:23:47
11,444,Future success concern both similar play their.,2025-05-11 08:31:48
12,314,May represent black become better section.,2025-05-22 20:56:47
13,373,Weight factor night look either center station.,2025-01-16 06:19:46
14,180,Resource technology ready cold help tell pattern.,2025-02-26 15:09:18
15,481,Response democratic relationship follow.,2025-05-28 11:22:32
16,8,Discuss city seem must manager guess decide writer.,2025-06-25 01:54:09
17,74,Support by range four scientist hard ball.,2025-05-12 12:41:01
18,411,Guess strong answer TV.,2025-06-15 22:17:27
19,283,Structure later matter though people.,2025-05-11 22:32:57
20,190,Education act during bit.,2025-04-08 04:51:02
21,64,Push job program kitchen dark.,2025-02-11 13:02:43
22,112,Truth social election write thus accept market marriage.,2025-04-02 07:23:51
23,241,Race season police under wife beyond.,2025-06-19 15:17:37
24,254,Rest three soon water side realize.,2025-05-02 06:57:36
25,33,Security Congress condition pattern according plant military.,2025-03-20 21:13:23
26,244,Name east kitchen throughout customer anything.,2025-03-01 08:12:54
27,464,Marriage image then group.,2025-05-08 15:51:18
28,491,Onto different yes member mind nice.,2025-04-24 18:30:51
29,185,Product look production any hard contain.,2025-01-30 19:18:49
30,350,Night rich break sound tend.,2025-02-21 12:54:04
31,289,Instead memory spring fund.,2025-01-14 22:10:13
32,236,Building evening woman think.,2025-02-22 06:45:25
33,472,Threat expert stage try.,2025-01-03 16:32:22
34,351,Catch religious man ahead rule play decide writer.,2025-04-21 06:19:05
35,56,Type involve up recognize.,2025-04-24 02:03:13
36,405,Father season garden wind.,2025-04-01 13:39:03
37,479,Throughout recent student remember help concern public weight.,2025-06-10 14:23:20
38,230,Huge skill else sell several those picture.,2025-01-25 23:07:49
39,491,Travel baby detail similar natural make better hold.,2025-03-09 04:37:41
40,25,Book idea hope news through Republican indeed.,2025-03-24 00:59:59
41,242,Nature agree why people fight for coach.,2025-05-29 18:17:56
42,83,Build describe page first relate catch shoulder.,2025-05-17 04:01:32
43,401,Other against both staff quickly.,2025-05-10 00:07:17
44,247,Fine thousand nature interesting left happy sell.,2025-01-15 02:40:50
45,306,Candidate bring author allow machine conference.,2025-05-12 01:40:55
46,303,Young wonder customer it heart TV share.,2025-03-15 11:28:21
47,140,Stuff simply most high receive.,2025-05-17 21:15:12
48,208,Shake police whom well collection area so pretty.,2025-05-30 21:39:11
49,97,Program which themselves federal size office different.,2025-03-22 13:38:21
50,448,Interesting politics bad forward charge onto.,2025-03-21 17:50:42
51,224,Case success boy pressure clear into.,2025-05-31 21:00:47
52,366,Tonight hand trial official.,2025-04-06 07:16:51
53,399,Far range anything without.,2025-02-03 13:46:01
54,261,Game tough hospital question trial head.,2025-03-31 09:02:04
55,79,Why court hot wife effect Republican.,2025-06-03 09:09:28
56,60,Idea stop factor most finally song conference collection.,2025-05-08 14:37:57
57,103,Somebody part machine alone wait rule move.,2025-01-15 19:25:33
58,261,Child recently billion idea environmental college.,2025-02-02 18:01:13
59,22,Easy consumer walk.,2025-04-05 19:22:15
60,343,West she happy culture necessary.,2025-04-12 04:42:08
61,357,Anything firm race.,2025-04-30 21:44:00
62,468,True list travel huge song he high.,2025-07-06 04:36:33
63,408,Same too you environment start.,2025-01-11 06:28:13
64,73,Last by local tonight value partner.,2025-03-25 18:13:33
65,242,However or reason moment instead.,2025-05-03 14:19:35
66,497,Safe garden less school.,2025-04-17 00:12:37
67,411,Even nature I somebody evidence task.,2025-05-28 19:59:19
68,328,Easy young traditional just throughout from.,2025-04-10 12:38:35
69,261,Body fact local tonight much husband power.,2025-03-27 15:23:27
70,38,Month likely idea religious eight.,2025-03-19 16:28:44
71,47,Sing act type go Republican million civil.,2025-03-31 02:58:32
72,250,Growth institution without picture figure subject.,2025-06-18 12:15:01
73,336,May a image.,2025-04-22 09:44:44
74,315,Successful listen on feel which floor each.,2025-03-21 13:48:33
75,168,Also not dinner indicate.,2025-03-25 00:40:57
76,184,Image statement question simple feel anyone which.,2025-03-23 13:28:55
77,384,Financial wall him less pass finish.,2025-04-28 12:17:14
78,107,Team summer tough according assume citizen.,2025-01-20 14:57:34
79,15,Sing month high lay husband grow couple.,2025-01-02 14:03:21
80,242,Stuff safe end prepare work director police.,2025-02-04 02:23:16
81,99,Check person especially including.,2025-03-11 20:23:42
82,51,Experience against theory rest.,2025-05-17 18:58:29
83,51,Green benefit so yard throughout mission current.,2025-04-15 21:41:24
84,150,Discussion anyone usually face nice fly.,2025-04-24 14:55:28
85,14,Huge natural someone a skill card political.,2025-02-05 21:06:30
86,20,Despite who each join place bill offer.,2025-04-25 15:21:34
87,21,They answer course wide enough red realize.,2025-06-18 22:19:22
88,494,Put information station yet book.,2025-02-23 18:18:05
89,448,Election hundred learn ten.,2025-06-25 09:21:11
90,23,Account instead call each page.,2025-02-18 05:28:04
91,477,Song strategy across.,2025-04-03 03:39:19
92,78,Maintain reduce phone management.,2025-07-04 20:20:37
93,46,Purpose different factor pressure.,2025-03-18 08:28:22
94,357,Way project on chair push purpose ground.,2025-04-09 11:35:11
95,351,Just yourself yes challenge sure.,2025-01-16 23:08:17
96,181,Paper young reduce voice among number.,2025-06-02 11:18:59
97,331,Hospital no note action add.,2025-03-10 11:18:47
98,159,Energy respond whose pull too seek avoid color.,2025-05-24 18:52:16
99,8,Final anything stage past man.,2025-06-17 22:16:40
100,228,Game mean camera already discussion.,2025-02-17 10:22:11
101,407,Yes policy back whether budget agent to.,2025-03-31 15:11:04
102,74,Might while traditional debate door chair work.,2025-01-08 17:07:13
103,52,Into when mother something.,2025-04-13 23:28:16
104,137,New include agency apply let.,2025-01-14 11:57:31
105,302,Treatment college at hair develop approach believe.,2025-03-16 03:54:38
106,319,Follow public leg example.,2025-04-26 15:04:43
107,147,Box mention southern but.,2025-02-22 05:54:05
108,61,My trial position factor science.,2025-06-28 16:28:54
109,471,Suffer produce case arrive morning.,2025-03-20 09:32:13
110,423,Idea understand past recognize.,2025-02-27 05:15:08
111,280,Federal million number house listen help.,2025-03-16 18:33:33
112,41,Within purpose structure machine assume usually Republican.,2025-06-15 15:45:13
113,250,Rate possible get baby population information mention fact.,2025-04-15 16:48:12
114,397,Cell seek wonder against hundred southern.,2025-01-31 10:57:20
115,213,Seem begin course maybe.,2025-01-15 10:05:00
116,263,Along know anything simple any nature start.,2025-01-10 21:37:56
117,34,Become blood order agent camera sometimes.,2025-04-13 17:42:20
118,23,Improve south exist wind each.,2025-06-20 09:52:26
119,35,Little almost at.,2025-04-05 20:02:40
120,203,Deep go begin building new begin resource.,2025-06-08 22:42:45
121,28,Phone in hot raise instead.,2025-03-26 21:56:34
122,26,Pull section suffer concern standard would finish.,2025-04-23 08:21:35
123,321,Give impact positive apply respond property degree.,2025-03-29 03:34:21
124,49,Build expect player health rest community.,2025-04-26 13:39:57
125,477,Others pattern without candidate right.,2025-03-25 19:03:01
126,267,Voice red former gun wind history.,2025-03-09 08:39:50
127,470,Read I write above.,2025-05-26 23:48:22
128,140,They lay late job girl.,2025-02-13 19:13:26
129,261,Himself say common.,2025-05-28 08:12:06
130,375,Lot voice grow budget policy.,2025-01-09 07:32:31
131,453,Garden sea section specific great evening turn.,2025-02-05 06:54:22
132,127,Whose spring themselves statement result civil.,2025-06-07 03:16:39
133,454,Step including education treat.,2025-04-01 06:12:28
134,189,Tax ready just relate your continue large.,2025-04-20 09:41:09
135,167,Safe nothing minute nearly voice conference.,2025-04-08 02:09:36
136,500,Deep cell policy do state style.,2025-01-15 01:29:33
137,441,Cup note face mouth right Congress real significant.,2025-04-01 19:25:34
138,103,Discuss little try.,2025-04-11 01:36:30
139,294,Wife quite heart pressure trip strong voice.,2025-02-28 05:48:34
140,117,Turn also morning many.,2025-07-06 08:55:07
141,497,Life body run oil item sport style.,2025-07-09 01:48:26
142,438,White public daughter more glass.,2025-02-08 17:00:59
143,327,Prepare nation care possible care knowledge student.,2025-03-13 04:34:07
144,400,Serious population and one.,2025-06-28 12:30:29
145,497,Whom turn share child stock cell.,2025-02-20 14:08:49
146,152,Art leader star sell traditional.,2025-01-21 15:56:56
147,104,Deep data upon little customer as employee.,2025-02-27 19:08:26
148,494,Might arm prepare he executive indicate often health.,2025-06-24 08:51:23
149,230,Government seem treat hold field.,2025-06-15 06:03:53
150,333,One international item truth student reduce.,2025-05-26 02:38:07
151,48,Not bed but.,2025-06-23 15:29:34
152,259,Tough occur control minute hospital.,2025-06-12 18:08:05
153,447,Decade friend avoid every debate.,2025-01-25 14:00:58
154,29,Skill prove support coach.,2025-01-08 23:51:17
155,488,Cup social weight resource me story.,2025-03-18 22:41:37
156,196,Might lose must soldier environment sea.,2025-05-21 19:51:39
157,343,Yard I early part report choose hit.,2025-05-10 19:58:39
158,257,Cultural environmental contain course table head including.,2025-04-23 21:12:49
159,15,Field true dog build high newspaper.,2025-01-03 02:08:08
160,203,Against message smile yourself easy citizen challenge.,2025-06-01 01:34:07
161,480,Consumer treatment member center American food main.,2025-06-03 22:03:48
162,415,Seven real rock eat to finally.,2025-05-20 08:38:09
163,450,Than hand later impact against.,2025-05-15 07:33:01
164,388,Avoid science image role fund size.,2025-02-02 22:40:41
165,184,Without oil same peace than success debate cell.,2025-06-28 15:24:33
166,249,Opportunity than stay per.,2025-01-14 00:55:18
167,62,It send yourself amount to whether.,2025-05-11 02:52:55
168,231,Rich relate reason air wide major.,2025-06-30 04:42:12
169,455,Develop successful charge fund learn beautiful financial report.,2025-04-13 01:34:19
170,7,Ability listen use without.,2025-05-26 16:10:25
171,399,Nature future major grow police rather who.,2025-05-16 09:05:12
172,263,Degree many exactly authority physical word.,2025-01-05 08:56:38
173,225,Several then around director.,2025-03-09 23:24:18
174,273,Professor that school maybe throughout.,2025-04-22 02:11:34
175,349,Win American military seat.,2025-04-29 13:06:08
176,187,Each suffer and fast international.,2025-01-11 03:23:04
177,371,Feel ok character end fight.,2025-02-16 09:42:35
178,246,Against campaign during meeting rest recent speak.,2025-02-28 05:37:09
179,332,His occur whole Mrs sure.,2025-03-15 19:22:21
180,358,Toward past imagine wonder contain five.,2025-05-25 11:55:31
181,19,Involve real summer will building experience executive.,2025-01-09 07:39:29
182,102,Anything get fine.,2025-03-03 06:39:56
183,228,Policy nor century store else become also.,2025-05-23 01:14:57
184,30,Subject protect add nor war on argue Mrs.,2025-03-22 18:30:20
185,470,Yes show price source.,2025-07-02 20:51:59
186,203,Expect even fear.,2025-02-20 23:00:00
187,360,Court camera top.,2025-02-10 03:52:07
188,99,Else serve along.,2025-03-09 06:53:39
189,216,Style successful herself.,2025-04-16 14:42:23
190,100,Discussion modern between beyond can beautiful if.,2025-02-20 13:39:30
191,92,Leader hair military later language deal.,2025-04-04 16:14:19
192,171,West serious doctor partner.,2025-05-15 15:04:02
193,403,And computer remain brother position you.,2025-04-22 22:21:27
194,223,Nature account whatever up cost.,2025-05-22 13:47:54
195,376,Side item prove get offer.,2025-01-13 06:25:07
196,175,Manage spend level report.,2025-05-07 13:31:24
197,408,Admit local condition remain.,2025-02-24 01:25:38
198,138,Democrat shake some list find inside.,2025-02-06 12:08:44
199,96,Republican necessary space fast spend attack lay yourself.,2025-03-25 21:12:57
200,22,Along conference eight politics.,2025-02-15 23:03:29
201,200,Able town degree wear serious.,2025-05-10 18:21:34
202,372,Dream much church drug dinner.,2025-06-24 07:58:06
203,360,Understand eye music require short factor through.,2025-01-14 00:53:46
204,25,Keep choice my certain actually season.,2025-02-23 04:18:14
205,468,Sometimes kind reveal star yes people boy.,2025-02-02 01:22:08
206,474,Help people drive performance.,2025-01-28 12:14:42
207,492,Their guy have number all.,2025-03-03 22:12:14
208,308,Within head girl subject.,2025-07-01 19:23:11
209,455,Professional tree probably remember test.,2025-03-19 12:43:59
210,44,Subject lay again produce sometimes particularly.,2025-04-23 20:02:30
211,462,Yeah feel modern industry investment begin million.,2025-04-23 22:48:09
212,62,Method live among when meet get identify.,2025-02-23 04:38:16
213,424,After edge professor send government game heart.,2025-02-25 08:31:54
214,447,Form group others enter.,2025-03-08 10:47:39
215,407,Accept my also institution generation.,2025-07-06 09:29:11
216,409,Budget state both challenge really.,2025-03-30 21:04:43
217,67,Sister similar attack term despite.,2025-05-04 09:11:58
218,436,Rock glass dog short individual visit.,2025-06-10 00:39:25
219,103,Authority this make live student.,2025-06-18 08:54:38
220,61,Fine provide physical product.,2025-01-27 06:43:14
221,485,Among blood provide record dog.,2025-01-31 02:29:52
222,309,Today worker protect model weight you include.,2025-06-09 04:40:10
223,497,Seek animal certainly court.,2025-02-11 15:59:28
224,351,Seven same lose nearly get.,2025-04-06 10:44:46
225,309,Toward approach note baby dog long.,2025-04-23 23:33:29
226,29,Picture friend watch tax single wife assume.,2025-01-31 16:17:02
227,109,I professional cause.,2025-06-29 02:59:30
228,339,Want another eat start moment artist across try.,2025-01-17 01:34:14
229,183,Light son maybe.,2025-06-16 20:20:47
230,435,Certainly book country thousand since box brother professional.,2025-05-15 14:46:44
231,275,Particularly involve night natural reason main whether certainly.,2025-05-26 09:01:39
232,310,Customer police person threat.,2025-06-28 04:05:18
233,268,Democrat letter hear also current edge.,2025-06-11 10:44:16
234,109,Fact unit live purpose less lawyer per.,2025-02-10 14:04:25
235,72,Right general office.,2025-01-04 23:44:20
236,377,Wife behavior field party.,2025-02-21 03:45:48
237,435,Reflect when let operation shoulder.,2025-06-07 18:05:40
238,55,Direction wait score fear kid social lay.,2025-04-26 05:31:41
239,422,Question these skin method early tonight series hit.,2025-05-20 15:37:43
240,334,Have factor billion.,2025-04-09 05:44:30
241,488,Late total month.,2025-04-19 15:47:51
242,423,Since black why service simple bed.,2025-06-25 06:13:02
243,372,Look sit east woman standard community long.,2025-07-05 21:31:28
244,398,Executive can place suffer ask drive.,2025-04-13 23:52:12
245,28,Although green present animal describe avoid never.,2025-01-12 16:47:56
246,375,Situation what hand.,2025-06-01 18:02:48
247,470,Back away appear building PM pick shake.,2025-02-03 19:14:45
248,384,Me key never letter find people.,2025-06-05 11:27:48
249,350,Late rule speech wear expert morning can into.,2025-04-02 05:04:24
250,244,North national sit difficult nearly teacher star.,2025-03-19 16:26:18
251,390,Person western difference service sure enjoy.,2025-06-15 22:07:13
252,152,Dark north beat relationship whom especially list.,2025-01-10 13:03:04
253,73,Executive next thing among.,2025-02-26 11:55:56
254,171,Opportunity open especially too beat record market environmental.,2025-01-30 21:10:54
255,460,Budget argue learn national.,2025-06-29 07:56:57
256,433,Likely industry carry.,2025-01-28 01:52:31
257,191,Professional administration least manager.,2025-03-27 21:53:59
258,99,Agency bill charge industry go around defense.,2025-05-28 11:20:15
259,415,Various character must.,2025-03-17 04:16:29
260,21,Face maybe toward ask.,2025-07-08 18:52:31
261,287,Both military from officer feel media local watch.,2025-03-07 12:31:04
262,470,Senior off hour.,2025-07-09 09:08:14
263,229,Enough total mention see too institution country.,2025-02-15 15:30:07
264,62,Center hotel inside late final.,2025-02-12 00:24:23
265,323,Involve chance candidate age consider talk somebody.,2025-04-29 19:21:28
266,257,Most page least avoid western.,2025-05-29 18:43:03
267,145,Bad explain indicate key expect ago able.,2025-06-04 08:41:34
268,65,Upon no we.,2025-04-04 20:33:06
269,46,Next wind value today nature determine want.,2025-03-18 05:52:07
270,332,Serve state serious time design smile individual.,2025-04-14 02:49:44
271,352,Response performance school write such throw piece.,2025-04-17 16:13:58
272,457,Force visit for general lot.,2025-06-25 16:33:19
273,80,Leg area arm paper.,2025-04-22 01:38:37
274,449,Executive quite prove.,2025-05-09 16:01:16
275,345,President personal attention various most.,2025-03-21 11:37:44
276,56,Reduce hotel section war add.,2025-06-21 22:57:34
277,446,Source receive level available product medical close.,2025-01-06 13:51:00
278,283,Strategy discover law account receive decade large consumer.,2025-06-08 23:36:31
279,7,Firm financial school lead become interest.,2025-03-30 17:00:03
280,145,Popular account mouth I five most option.,2025-02-13 01:56:05
281,180,Source ago hundred place you form serve.,2025-05-13 21:41:28
282,294,Key season represent my might maybe.,2025-04-25 16:41:00
283,323,Decision official himself long painting.,2025-02-04 13:38:04
284,268,Few game smile level talk in.,2025-04-06 18:43:49
285,124,Value share stand newspaper live.,2025-06-11 17:41:43
286,443,Suffer spend chair safe machine design he sign.,2025-07-07 02:48:52
287,355,Those ahead simple local tax I.,2025-04-24 22:05:48
288,171,Decide possible say process fill.,2025-01-18 01:48:55
289,286,Staff hotel pattern.,2025-06-30 17:51:16
290,484,Expect difference child.,2025-01-12 01:29:32
291,433,Produce affect then sometimes century memory person.,2025-01-12 19:58:30
292,176,Body act one I add.,2025-07-07 04:17:35
293,217,Report head let own sister capital activity.,2025-01-14 09:58:47
294,484,International second spend authority population prevent.,2025-06-08 19:11:24
295,285,Hold society although road man life.,2025-05-30 20:11:52
296,263,List position less while different.,2025-04-19 15:33:19
297,146,Growth from possible I whole evidence book.,2025-05-21 07:54:59
298,46,Blue during old drug store born.,2025-04-29 01:18:00
299,43,Mother crime himself adult.,2025-01-09 01:14:53
300,104,Evening perhaps instead probably support.,2025-05-06 21:20:32
301,475,The trip everybody work machine experience work.,2025-03-24 14:59:56
302,402,Possible task rule skill skin message in.,2025-02-06 15:38:35
303,197,Sell professional director sense own believe.,2025-01-14 07:43:42
304,144,Show sure center contain.,2025-03-15 17:48:55
305,333,Resource final accept reduce my.,2025-04-13 16:11:11
306,248,Affect large federal.,2025-06-09 18:58:42
307,317,Task seven leave air son.,2025-04-07 17:49:58
308,391,Point who foot seem sell into take.,2025-03-05 05:13:28
309,108,Mother the nice stuff if thought than.,2025-03-17 22:47:56
310,473,Series air goal think music just.,2025-02-03 07:19:33
311,54,Newspaper write treatment attention customer best list.,2025-02-24 06:48:17
312,405,Rest four fast certainly environment and thus.,2025-06-27 17:37:39
313,374,Current difference war.,2025-03-27 16:15:22
314,138,Tax worker rate for.,2025-03-10 20:57:53
315,240,Guy whether indeed improve.,2025-04-25 23:04:24
316,409,Research occur attack teacher else once project crime.,2025-04-30 23:54:28
317,67,Knowledge we would maybe participant who may.,2025-03-01 07:44:10
318,288,Film remain left child serve certain.,2025-04-24 21:52:12
319,435,Pretty whether game care condition.,2025-06-16 14:33:33
320,29,Cultural eight speak bed national church miss.,2025-03-09 09:05:11
321,215,Whatever white mouth four another life nature paper.,2025-02-25 22:46:01
322,206,Court organization identify hit.,2025-03-27 04:04:12
323,32,Least heart instead keep prepare.,2025-04-26 00:01:53
324,366,Fact other final rich radio which.,2025-03-23 13:31:54
325,82,Become heart on project time.,2025-05-25 05:22:13
326,129,Ground act become car.,2025-04-25 00:10:37
327,66,Myself region know loss across.,2025-07-02 01:58:49
328,281,Pressure walk also author over sort hotel.,2025-04-30 10:50:02
329,374,Couple debate how loss.,2025-06-23 17:06:57
330,305,Fear kitchen everybody key hot.,2025-05-10 08:41:20
331,16,Already game something all.,2025-06-14 16:21:36
332,134,Those house will.,2025-05-27 01:24:39
333,321,Campaign ahead sign offer.,2025-03-17 05:45:02
334,285,Agent all dinner as data evening whom food.,2025-06-10 18:46:33
335,439,Reach leader wait brother enough official.,2025-03-10 17:08:49
336,16,Meeting start center.,2025-05-23 22:38:50
337,185,Seat visit her ground continue page per country.,2025-04-25 10:39:18
338,219,Group behind save memory usually partner.,2025-04-11 11:04:43
339,23,Interview movie own represent mention face.,2025-01-07 01:45:25
340,236,Arrive action strong weight school conference.,2025-05-06 02:46:48
341,93,Politics various idea their.,2025-01-18 11:37:02
342,381,Safe many finish media.,2025-03-18 02:16:17
343,465,Do pressure light war southern sure later reach.,2025-04-06 10:06:50
344,359,Friend dog worry try.,2025-02-09 20:40:13
345,207,Idea skin space room modern.,2025-04-30 05:44:57
346,323,Point cultural once imagine method way.,2025-05-27 04:05:27
347,444,Community student professional agency various decision trouble probably.,2025-03-29 21:15:18
348,98,Evening conference simple figure beautiful agent scientist participant.,2025-03-11 13:35:06
349,113,Impact two inside lay recently.,2025-04-07 10:31:29
350,82,Policy technology protect cold.,2025-02-20 19:23:57
351,93,Politics indicate reveal seek need call just.,2025-06-19 22:51:30
352,32,Effort full almost TV.,2025-04-02 04:07:35
353,483,Guess morning place crime.,2025-05-29 09:29:29
354,282,Ahead another truth.,2025-06-10 21:27:32
355,193,Mrs all assume.,2025-02-03 04:14:52
356,15,Available myself organization bank force head in black.,2025-01-26 13:35:46
357,220,Old west account child.,2025-06-14 09:42:41
358,382,Reveal so religious if teacher.,2025-04-28 20:58:45
359,55,Attorney kid create ago out worker over.,2025-02-19 02:20:48
360,303,Stay station idea natural magazine again.,2025-02-28 16:27:42
361,57,Fill door eight responsibility authority choice toward success.,2025-04-02 07:45:48
362,290,Rest however step statement.,2025-03-03 08:11:06
363,283,Wind also approach bad.,2025-02-09 07:10:15
364,484,Suddenly person far.,2025-05-24 00:38:52
365,5,Mouth also improve war when evidence.,2025-05-11 15:40:24
366,111,Have child style none rock.,2025-03-13 04:59:14
367,31,Month maintain step everyone we.,2025-04-22 17:10:48
368,384,Situation eight focus.,2025-05-09 10:11:29
369,273,Age share vote.,2025-04-16 13:48:49
370,240,Eye specific five sure.,2025-01-09 04:44:25
371,480,Trade street will least.,2025-04-05 06:35:06
372,172,Offer rate whether light.,2025-04-18 05:32:50
373,224,More space fact network several capital million.,2025-01-11 12:15:55
374,298,While member option miss.,2025-01-16 12:08:14
375,430,But pretty who activity door table hotel.,2025-06-18 02:29:58
376,481,Protect hope condition board bill.,2025-01-17 09:25:27
377,224,Occur conference director themselves human personal yourself provide.,2025-01-04 11:46:58
378,482,Care with stuff amount more million.,2025-06-20 03:52:41
379,359,Including arrive no never.,2025-01-19 04:57:29
380,89,Put think history finish account significant with.,2025-06-30 21:53:50
381,319,Production along life forward page executive black and.,2025-06-30 02:05:06
382,333,Other parent life remember involve act worker.,2025-06-01 03:30:35
383,372,Perform simple situation bar.,2025-03-27 07:59:44
384,478,Might as much protect.,2025-05-24 19:45:25
385,366,Capital treat guess.,2025-02-16 07:59:18
386,205,Election size lay family.,2025-04-19 03:26:47
387,324,Most well image cup commercial mission range director.,2025-06-20 17:22:06
388,344,Within rich how so Democrat reveal decade.,2025-04-10 15:56:12
389,215,Black world more fight room prove.,2025-04-14 05:53:59
390,31,Assume understand single.,2025-01-29 14:23:20
391,379,Level right toward beat early.,2025-02-19 13:23:39
392,191,Knowledge my most also material three subject.,2025-07-01 14:00:31
393,196,Only friend writer force situation build.,2025-04-24 03:59:27
394,378,Piece measure I know around pressure marriage artist.,2025-03-09 05:26:34
395,443,Main inside both their truth task.,2025-05-29 10:33:14
396,229,Line to animal kitchen go begin life.,2025-01-13 02:25:33
397,388,Middle my despite brother build step even.,2025-03-08 08:25:26
398,250,She feel international compare local short.,2025-06-21 04:14:48
399,222,Upon risk draw watch when although.,2025-02-13 05:20:51
400,42,Heavy source high provide.,2025-07-01 15:06:49
