quote_id,quote_request_id,provider_id,amount,details,expire_date,tax,created_at,status
1,197,41,579.47,Mention evening behavior task class term thing. Deal pattern early say ground management production.,2025-05-16 13:22:39,30.52,2025-02-16 17:48:47,pending
2,39,33,287.16,"Pass shake space number onto despite.
Customer rule suddenly break. Raise learn about everybody character. Decide behavior concern back me themselves.",2025-02-15 22:50:09,45.48,2025-04-17 23:03:29,rejected
3,254,1,327.73,"That special present reach. Politics choose nothing great.
Everyone part understand positive discuss. True chair professional. Stage share lead speak investment recently only conference.",2025-03-15 15:56:52,20.74,2025-06-24 18:18:38,accepted
4,15,64,509.52,Despite decision where report two range. On dog her.,2025-03-23 06:24:59,5.45,2025-02-24 01:07:09,rejected
5,19,70,987.44,Radio ready purpose he economy region yes. Partner majority coach. Cause position notice treatment religious attorney turn major. Their news even growth music policy.,2025-03-08 06:34:46,6.36,2025-03-30 06:37:51,pending
6,153,95,326.7,"Owner star social up agreement interview. History building somebody.
Perhaps pass agent should fast check expert. Knowledge buy sometimes customer grow less. Sort west east everybody same station.",2025-04-03 03:45:50,37.92,2025-01-13 17:31:43,pending
7,183,42,348.53,"Of prove magazine believe family.
Both opportunity purpose executive fact choose say. Available person physical daughter.
Ball focus mouth.",2025-04-07 00:09:23,32.35,2025-06-06 14:40:02,accepted
8,135,50,317.61,"Indicate nature factor American cost. Scientist morning oil.
Range stage draw me by cup black door. Step even itself focus. Director notice think each.",2025-06-09 10:34:27,7.07,2025-02-15 06:46:20,accepted
9,52,6,303.01,"Many address which try. Nothing through ready drive check budget.
His today into. Benefit modern nice have light us. Could single partner man.",2025-03-11 23:36:27,15.37,2025-03-20 01:29:39,pending
10,175,23,900.36,"Spring believe Democrat respond truth. Imagine what anything understand without.
Old cup sign education soldier.
Us political stop pretty. Goal thus need side health night.",2025-05-28 18:57:20,40.63,2025-06-21 20:37:17,rejected
11,209,4,158.83,"Ready standard human PM create song. Already laugh his discover trouble foot. Future teach sometimes at push.
Color part buy trial enter. Mother night civil deep. Religious place fine cell.",2025-02-11 07:58:23,5.13,2025-02-13 07:51:59,rejected
12,146,72,705.95,"Sing who industry. Figure service turn build picture gas.
Everybody second nature your view its. Lose state price keep wall. Four call force since huge.",2025-04-06 20:04:30,33.86,2025-01-27 18:32:15,rejected
13,6,8,794.49,Throw argue north speak drug go. Computer about former free vote food common.,2025-04-24 16:42:38,46.9,2025-04-08 22:15:56,rejected
14,250,14,753.55,Image property often action purpose history. Three dark head cultural describe Mr structure mother. Particularly large black recently.,2025-03-25 05:37:02,12.45,2025-06-10 15:58:02,accepted
15,219,56,341.03,Improve player next able. Suddenly everyone how whether fight. Theory long agree above lead write. Reach woman policy public give during than strong.,2025-06-03 04:16:45,49.51,2025-01-27 08:47:45,accepted
16,146,16,476.24,Total friend property language a deep food month. Church second gas mouth leg into. Administration detail step democratic organization thing campaign either.,2025-06-06 02:42:44,42.58,2025-07-09 05:40:59,accepted
17,185,21,610.48,Deal pattern interest always set. Writer keep hard be direction one special some. Writer moment message man.,2025-02-21 01:56:55,9.38,2025-06-03 20:17:07,rejected
18,138,20,744.96,Drive term produce your will can. Clear ground hospital around next whatever other. Raise even pass training.,2025-04-16 16:31:12,44.66,2025-01-28 18:13:57,accepted
19,97,7,936.01,"Commercial parent democratic usually. Party process care system close nothing as.
Admit gas such her international speak. Turn smile popular leg relationship trade personal.",2025-06-24 16:33:18,37.96,2025-03-09 16:47:08,rejected
20,23,55,637.72,"Interview meeting order wide. Night yes accept name politics. Particular should cultural in mother believe few.
Arrive there try cell believe live. Somebody ever purpose.",2025-06-04 09:05:57,18.77,2025-06-08 15:15:16,rejected
21,88,68,274.34,"Subject to rock end. Difference add they.
Well parent nature. North per point walk college production night. No life son morning. Cost sort first condition far check.",2025-04-12 08:11:51,46.16,2025-03-08 21:27:48,pending
22,91,36,123.62,"Learn argue then vote. Rock author their if size knowledge successful.
Because television road law. Bring who cold single.
Quality full name baby. Reflect everyone case case rate spend.",2025-03-18 11:49:34,25.4,2025-06-22 07:59:30,accepted
23,275,17,935.62,"Their staff deep director.
View better firm follow.
Mouth third quality Congress risk up field successful. On develop minute change. College seven turn.",2025-04-07 19:19:36,28.55,2025-02-11 19:21:58,pending
24,48,35,161.57,"Least people could themselves person. Summer quality cultural ability raise. Eat appear decade plant.
Country growth lose too approach quickly. Myself whom card itself decision miss remain.",2025-01-23 06:04:18,29.03,2025-05-06 00:20:59,pending
25,181,33,434.35,"May never put set know box conference.
Direction every investment law hospital forward. Executive rest law off. Win image who ago if early.",2025-04-20 03:02:37,22.76,2025-05-13 16:17:53,accepted
26,196,19,454.74,"Change wife whole leader receive near knowledge. Kind help yes particularly place production.
From house herself city. Decision near per sing easy challenge leader.",2025-06-08 18:44:31,19.71,2025-02-06 17:06:46,rejected
27,224,41,227.3,"Speech myself including happen administration. Place memory heart reason thing.
Treatment know there against. Western seek shoulder develop where physical establish.",2025-06-30 22:29:58,24.51,2025-05-15 13:28:04,rejected
28,16,7,651.19,Good charge degree month catch manage cause they. Rest opportunity choose keep word major about.,2025-02-24 22:02:45,13.24,2025-01-11 21:30:39,rejected
29,236,49,513.44,Current present thought population. President strong fund turn stand act.,2025-05-26 23:01:06,6.38,2025-06-05 01:32:14,pending
30,161,40,357.5,Subject fact newspaper TV one across free. Relate fact series stock edge. Wind scene old process church teach.,2025-04-30 03:30:38,34.88,2025-01-13 09:30:06,accepted
31,253,52,924.39,Its reveal accept leave. Kid special act attack interest Republican. Sure move maintain worker year deal street.,2025-02-23 03:17:59,45.3,2025-04-20 09:01:10,accepted
32,241,67,957.12,"Peace respond teacher. Knowledge customer thousand on.
No Mrs still court foreign executive. Student mean art discussion mention.
Accept major must. Tree key tax though.",2025-01-19 02:45:12,42.25,2025-04-18 21:29:56,accepted
33,119,33,711.5,World color news him morning. Series law interesting just. Stock society box live. They price subject hear.,2025-03-14 09:19:20,33.83,2025-03-07 09:21:29,accepted
34,251,1,712.85,"Money high language sure western product.
Specific when safe travel especially.
Final film body degree seek. Chance serve a effort. Happen professional early dream.",2025-03-30 23:27:49,30.32,2025-06-24 12:08:46,pending
35,250,75,157.27,"Wait bit billion heavy. Between deep development appear report real. Marriage ability child still room pay every.
Buy senior ground difficult leave. Tv short important respond.",2025-05-17 15:25:46,14.96,2025-05-29 18:41:18,rejected
36,236,35,584.6,Former continue he clear decade. According perform argue themselves conference. Process choose concern fast before two small audience.,2025-02-25 04:24:07,45.44,2025-03-14 15:03:01,pending
37,133,37,864.15,Remember task each lead. Owner man process appear. Specific candidate yes away score.,2025-06-29 17:19:26,16.91,2025-05-16 04:31:24,rejected
38,66,4,737.31,"Spring road officer smile.
His glass place material left. Without special drive city. Knowledge them together.
Address direction second. Popular half build people. Agency TV how show opportunity law.",2025-07-02 03:00:37,23.55,2025-03-16 22:03:37,accepted
39,71,17,493.09,"Reason how politics show return top court. Mind inside family news arm. Executive could most.
Cold even include end. Eight follow direction city.",2025-01-13 02:50:34,31.32,2025-01-16 05:28:26,accepted
40,125,83,190.32,"Capital out including great. Pay focus our. Stuff social cut.
Though lot service project book. Listen score trouble always wall ability. Range yes white until operation news.",2025-02-03 19:02:16,9.28,2025-05-28 16:11:32,rejected
41,168,78,761.15,One toward magazine option cold fund none. Light picture rule level family response. Him ago past government hour. Sing two deal case.,2025-04-05 04:34:59,44.41,2025-05-20 06:58:37,pending
42,27,52,454.78,Tax theory discover economic sport thank. Heavy board dinner up nature college buy. Kid available girl sea. Down according once eat space occur meet.,2025-06-14 13:30:24,11.13,2025-05-04 10:00:37,rejected
43,81,44,631.81,"Baby worry book order heavy political mean.
Note attention arrive boy statement.
Idea out reality system ok those. Serious budget should remember goal. Through work control level future.",2025-04-23 22:37:55,12.56,2025-04-19 06:15:05,accepted
44,297,48,701.04,"News should grow watch other.
Wrong least goal size public surface. Case card window street international. Media so lay pay relationship arrive world note.",2025-02-02 05:15:56,18.2,2025-02-11 06:03:17,rejected
45,45,80,838.13,Expect natural well there month security method. Year assume listen imagine commercial public.,2025-03-15 19:21:32,22.66,2025-04-08 01:03:56,accepted
46,110,38,941.07,Moment tough goal affect floor. Else office also citizen do treat.,2025-05-02 05:40:31,6.27,2025-07-07 23:37:24,rejected
47,106,86,266.07,"Understand chair seat.
Avoid relate present others. Offer quite method difficult place dinner return.",2025-05-14 07:43:35,41.99,2025-03-13 23:39:52,pending
48,278,30,101.14,"Bad example address boy. Behavior activity page.
Actually catch coach. Defense company author wide threat. Song allow bit better.",2025-02-17 09:29:56,9.17,2025-05-08 00:31:39,rejected
49,54,51,524.78,"Either citizen way record hair fast. Possible between party. Matter price around night recent.
Body painting significant every tax do four. Worry sometimes several. Music power common investment.",2025-02-27 15:53:44,9.46,2025-05-15 19:58:43,pending
50,297,84,236.75,"Defense yet detail because level. South wish without accept somebody.
Another return skin country sense. Hand ten often if. Ability ability management safe.",2025-06-17 02:38:17,42.81,2025-02-24 00:21:11,pending
51,209,53,523.35,Air road scene expect theory exactly professional hair. Better smile suggest toward may employee.,2025-02-10 13:14:18,46.75,2025-05-17 15:39:48,pending
52,149,17,211.69,"Method catch walk let involve whose. Side man start.
While morning maybe various see take she really. Executive court per suddenly. Boy order matter bill paper treatment which.",2025-01-31 04:28:33,11.25,2025-06-24 09:26:13,rejected
53,62,41,204.45,Research mind author black. Church none where positive maybe. The first politics sing.,2025-04-25 15:48:36,12.41,2025-03-21 23:46:30,pending
54,152,6,360.83,Discussion market arm result ready evidence have. Which front collection form party any size. Street society sister meet Mr Mr. Meet play baby pay phone without.,2025-04-28 13:41:51,10.79,2025-06-27 23:47:48,rejected
55,127,52,624.84,Available oil hold. Follow exist anything ever push recognize official. Science low state under attack consumer Mr.,2025-04-25 02:06:43,41.27,2025-05-28 16:22:36,rejected
56,16,83,143.02,Guess computer represent against factor whatever occur movement. Well entire music improve public hotel. Successful reach wish hundred center success draw wish.,2025-03-04 02:19:17,37.76,2025-06-08 18:31:49,accepted
57,12,46,913.43,"Government short skill exactly hour. Her assume blue direction cover these production. Describe each garden compare.
Whom close free there student those. Prove mean letter my.",2025-04-16 22:43:49,19.36,2025-01-25 19:10:59,accepted
58,152,95,703.97,Deal return decide Republican wish course response edge. Week minute we agreement.,2025-06-22 16:11:03,5.23,2025-03-06 19:43:11,pending
59,168,60,370.95,"Data clearly modern meet. President miss the record.
Huge prevent end people. Peace most civil line model current benefit student.",2025-05-27 08:53:23,49.76,2025-06-01 23:46:50,accepted
60,247,72,674.9,Election certain serve soon visit always station. Then it run level large serious require. Under lot situation again state cause cause.,2025-07-01 16:08:20,11.81,2025-06-29 09:33:27,rejected
61,103,28,236.66,"Spend four world effect color image. Sport together film everybody land.
Truth clearly marriage until power heart goal leg. Director player consumer traditional concern show long.",2025-03-16 14:10:01,46.5,2025-07-02 17:01:20,accepted
62,271,19,860.29,"Agreement resource generation six car benefit. Receive join ability account degree. Summer imagine ground heart realize face.
Audience look clearly himself. Require dark reflect money.",2025-05-26 00:53:49,37.98,2025-02-05 01:21:25,accepted
63,153,1,739.28,Enough attorney not population water practice. Matter find military better. However election should reduce. Public daughter measure government bar last.,2025-05-04 15:48:19,39.91,2025-03-01 17:41:01,rejected
64,199,44,448.56,Personal give firm base town avoid note. Pay six population begin far. Deep prepare type purpose different always difficult training.,2025-03-17 21:56:55,33.59,2025-06-27 21:20:13,pending
65,109,32,783.91,"Green thing buy hear idea choice remember we. Box great stock.
Either forward eat professional data. Statement total cultural mouth Mr.
Although nothing around senior country eight.",2025-04-08 02:43:21,47.77,2025-01-10 23:44:12,accepted
66,10,70,674.33,"Firm whom this set suggest. Enjoy gun education national agent with. Word billion stuff activity.
Side stuff strategy quickly could benefit. Imagine especially word tend card listen.",2025-03-10 02:05:49,47.99,2025-05-24 16:08:14,accepted
67,29,1,797.37,Ask serve simple he. Accept computer room network really enjoy black. Small interest book last single.,2025-04-21 01:38:41,36.14,2025-01-13 03:13:33,pending
68,37,82,778.25,Commercial church fear eye. Piece clearly occur laugh energy lead five.,2025-02-11 20:01:53,29.13,2025-05-09 21:16:01,rejected
69,174,7,332.31,Want foreign kid toward surface brother after. Test group late popular leg last. View analysis subject painting.,2025-04-16 22:35:25,12.24,2025-01-04 20:46:29,accepted
70,41,74,585.29,Explain center reach court address from choice. High place recently care decade might left.,2025-05-27 01:27:29,49.24,2025-02-06 11:45:51,pending
71,6,4,738.92,Yeah drive thousand southern because. Activity rich at worry garden huge. Direction meeting claim teacher without true of down. Case set thus family policy discuss.,2025-01-02 06:26:10,49.13,2025-04-15 04:23:17,pending
72,15,4,650.13,Military step throughout cost mention decade three. Within run authority work him research. Set practice baby first wall.,2025-07-04 13:09:19,15.98,2025-01-24 20:49:21,pending
73,198,25,381.23,Onto through similar ability Congress job. Computer near major teach manager. Make kind thought various see certainly single.,2025-02-02 09:42:47,14.89,2025-06-26 19:36:54,rejected
74,233,13,890.06,"Yes learn minute step. Better blue expect go practice identify.
Nature leave claim. Charge never low foot piece. Win it phone threat. Hair beat seek heart.",2025-03-10 01:21:54,27.38,2025-01-08 11:04:15,accepted
75,244,11,836.11,"Fund cold base degree. Black age firm whatever. Ask every during future state.
While director father professional. Information move foreign trip American organization success.",2025-06-02 08:02:48,21.69,2025-05-01 14:50:24,rejected
76,237,89,783.08,Old memory may change make author. Else woman opportunity order front past rock. Send use charge likely staff.,2025-02-18 06:25:01,20.56,2025-05-12 00:22:25,pending
77,4,74,964.64,"Pressure section you cold style direction pressure suggest.
Focus vote above if administration environmental success. Owner company year avoid reduce tough moment. Commercial follow pay music.",2025-02-26 03:47:46,20.74,2025-04-24 10:43:31,pending
78,36,44,942.46,Collection tonight old south later Republican American. Military national special before well. Attack walk church group table seven.,2025-06-07 05:24:38,11.16,2025-05-22 07:30:27,accepted
79,167,22,648.13,"Method garden nature none next. Budget over suffer just time check.
Add sort growth. Would than process pay easy.
Least station stand either never. Term bill skill new produce.",2025-01-10 19:37:46,35.8,2025-03-16 21:51:29,rejected
80,187,39,209.29,"Street your analysis you well consumer modern.
Fact visit most effect item according.
Evening total run. Natural form send measure. Specific plan high.",2025-02-17 19:59:39,5.32,2025-05-22 20:02:07,pending
81,288,31,483.88,Light score go course left main color. Air reflect build wish road process shake. By laugh she her feeling half.,2025-02-21 05:19:06,15.05,2025-01-21 01:41:36,accepted
82,117,32,142.22,"Reflect nature body friend cause.
Also day go perhaps down. Human first really prepare thus look question. Marriage place grow may perhaps ability generation.",2025-04-15 10:05:14,31.85,2025-02-21 10:03:12,pending
83,178,12,527.18,"Add end seem full hospital hundred could political. Safe voice stand drug evidence.
Player indeed remember garden pull. Already research mention deal staff social.",2025-06-18 22:39:15,42.66,2025-05-30 04:35:26,accepted
84,185,95,173.56,"Detail smile certain by sure. Father oil over Mr personal.
Agency condition door admit. Professional seat morning pretty ten even. He environment cultural.",2025-06-28 14:30:54,28.32,2025-06-06 07:17:07,accepted
85,278,54,291.64,"Majority sit brother six. West between Republican its gas participant without. Throughout door student.
Data its point. Clear body debate decision most.",2025-03-15 13:01:53,11.79,2025-01-07 09:14:42,rejected
86,53,56,559.77,"Town information return southern. If analysis tonight again. Center nature rate individual figure stand article.
Table best seat feeling receive surface. Experience increase own mission star.",2025-05-17 03:02:50,21.55,2025-05-13 00:19:50,rejected
87,111,20,615.44,Energy do night three. Animal simply Democrat hear pay degree. Say pull image contain because science. Great best approach final lot.,2025-04-24 19:44:05,5.1,2025-01-12 22:26:00,rejected
88,294,86,644.19,Night herself thing act forget. Dream reality show theory late. Reveal meet finally debate north now consider.,2025-04-03 06:10:30,44.25,2025-04-11 16:59:34,pending
89,248,90,885.1,"Though attention we area others cup. Science gas series difference. Moment stop baby.
Difficult radio significant society than difficult such. Later possible order consumer individual.",2025-05-10 23:15:05,11.01,2025-01-25 12:53:37,rejected
90,64,71,562.39,"Degree serious effort peace gun focus.
Attention style protect or house drive economic. Truth worker window class.
May theory state. Tend training against collection rate receive each husband.",2025-03-13 19:12:47,38.11,2025-06-06 03:30:39,pending
91,125,39,626.58,"Same Mr old. Father town positive. Before standard way determine plan cause message.
Ever style the institution bit. Receive want increase into good.",2025-05-25 02:11:57,11.85,2025-02-23 01:16:00,rejected
92,256,87,232.63,"Large degree brother Mrs. Head hotel along expert beyond artist.
Him cover concern produce produce. Still how product. Everybody five nothing medical drive. Here always TV enjoy.",2025-05-28 15:55:21,14.72,2025-01-26 08:32:25,accepted
93,246,13,460.63,"Thank green hear join fear loss discuss and. Carry few single teach detail. Professor tend agency probably need three then adult.
Recent concern join occur almost carry. Section true investment.",2025-01-04 13:11:01,19.74,2025-05-23 19:06:43,rejected
94,183,36,921.22,"Strategy include popular image. What list view interest finish step. Film stuff else magazine major part firm.
Significant wonder political quickly character according. Consumer almost head manage.",2025-03-18 18:47:01,25.24,2025-05-14 03:46:36,accepted
95,218,78,157.91,Tv run guy former cause. Few service reach create car kid seek. Cup analysis street truth cause.,2025-07-08 14:27:03,43.7,2025-05-26 09:51:53,pending
96,201,16,537.05,"Old attention success but. Identify suddenly nation staff. Phone lose audience war again meet.
Minute focus loss cut.
Less tough majority Republican wrong. Physical Democrat green whole morning.",2025-02-23 08:11:09,34.44,2025-06-22 10:46:49,rejected
97,9,49,122.06,"Feeling enough best use leader response name. Anything deal never.
Kid accept daughter effect present. Since clearly summer several above Democrat.",2025-05-14 04:31:47,24.15,2025-06-18 11:48:46,pending
98,107,12,527.45,End green majority ready. Continue seek speech here direction control. Return watch development pattern star.,2025-01-21 07:43:41,8.14,2025-05-08 15:26:48,pending
99,121,22,196.09,Capital too source body fill give final. Find where building arrive hotel man it. Put seven national follow.,2025-07-08 01:50:51,37.34,2025-03-17 04:04:04,pending
100,180,88,839.49,Trouble blue cultural over firm dream. Director forget behind order thousand actually. Up detail my by necessary. My everyone hear peace argue long.,2025-03-28 14:43:11,22.72,2025-05-20 00:49:14,rejected
101,75,77,254.54,"Him note war cultural draw view factor.
Here traditional lot chance open crime. Degree look must.",2025-05-17 14:53:16,24.39,2025-06-12 09:48:01,rejected
102,142,11,442.02,"Five upon least kid both feel wait. Child music address local. Tough collection school direction.
Human recent true someone. Rate in behavior much across stock son wear.",2025-04-11 23:22:17,29.3,2025-04-09 09:50:53,rejected
103,280,57,708.86,"Those quality wife. Suggest parent huge value few other. Far style something skin contain environment shake message.
Religious quickly degree manager.",2025-02-18 18:49:47,48.36,2025-04-19 23:03:37,pending
104,72,71,697.01,"Ok into safe friend plan season program. Seek father to science million.
Nor consumer move fall one something. Avoid contain huge mother trial her recently.",2025-07-05 17:11:25,11.23,2025-03-11 08:32:50,rejected
105,103,22,844.45,"Door record establish white. Education southern medical interest stage. Recognize art result area Republican center.
Baby president cut method allow. Upon least feeling heavy to now air.",2025-03-15 12:23:08,31.93,2025-03-02 10:39:43,accepted
106,242,47,236.77,"Everyone program civil fish keep state seem. Meeting during will leader even TV.
Continue TV bring entire key responsibility. Set hour foot less.",2025-02-04 23:26:15,37.18,2025-05-21 15:12:35,accepted
107,235,18,527.6,"Particularly former dog level group. Never happen star able prove company them.
Identify drop individual. Its four song probably we price opportunity.",2025-05-09 19:55:07,8.45,2025-02-21 20:38:01,accepted
108,208,55,319.11,Station play even recently. Conference music television heart miss college nothing. Section blue plant ok ability difference personal structure.,2025-03-20 16:27:43,9.44,2025-06-11 04:42:00,accepted
109,95,13,665.36,Option art cold bad. Find ok relationship old relate knowledge however.,2025-03-28 21:04:05,22.65,2025-02-06 12:47:32,accepted
110,34,100,960.58,New great parent stage reach. Add friend name news. Season see interesting marriage painting black.,2025-02-03 22:08:32,29.92,2025-04-12 18:18:36,accepted
111,76,93,679.61,Some weight body according when choose. History energy gun positive.,2025-05-31 22:02:29,40.91,2025-04-11 06:45:05,rejected
112,161,28,641.96,"Here both least chair yard.
Difference suffer practice interesting. Choose responsibility huge. Think move rise citizen husband attack.",2025-06-04 05:41:38,38.24,2025-03-23 16:51:48,rejected
113,181,85,809.87,"Garden former nor better up. Before too TV cultural goal couple.
Reason cold fire option land special operation.
Radio development pass at. Prepare modern a man bank edge attorney fight.",2025-01-31 21:20:34,29.96,2025-02-23 02:04:42,rejected
114,124,74,880.48,"Author could door society window nation movement.
Shoulder history again worker. Issue garden same. Party head example subject.",2025-05-15 19:18:42,32.9,2025-05-27 13:14:24,accepted
115,267,51,788.43,Itself station only member good. Since material least key provide. Everybody receive ago piece wait stuff chance.,2025-03-26 00:24:38,8.84,2025-02-18 17:09:02,rejected
116,286,77,915.47,"First reality especially once decision author news. Senior model guess fine simple.
Dog trouble Mr job. Ask challenge stage organization poor. Parent decide possible loss realize.",2025-05-02 06:27:40,32.93,2025-04-12 17:22:12,rejected
117,210,28,937.11,"From coach suddenly although two. Form score sure security.
Political evidence citizen anyone alone our. High green film not whatever.",2025-03-19 19:51:39,18.58,2025-03-29 16:40:00,accepted
118,238,87,349.11,"Main may boy fund home difference world. Time black increase.
Center bit group difficult surface. Anything visit level education. A stage actually own company.",2025-02-18 23:31:48,22.61,2025-03-04 07:49:50,accepted
119,238,88,622.18,"Dinner agree table hospital manager forget. Rise million attack. Large reason story.
Seem huge drop. Everybody project individual ask situation nor.",2025-03-26 00:44:21,38.92,2025-06-01 02:39:30,rejected
120,14,35,304.12,Culture senior firm tree something apply successful piece. Very southern anyone task. Ahead fish toward mean.,2025-02-18 04:48:58,15.91,2025-06-16 08:56:47,rejected
121,250,61,303.3,Mother section military whom on. Ever course become center job. Job area eight painting party wait.,2025-02-23 06:17:40,35.29,2025-02-18 11:55:29,rejected
122,48,26,763.61,Nothing simply evidence understand simple moment region partner. Little thing lawyer standard against. Morning card expert rest.,2025-01-24 13:56:48,22.41,2025-06-02 00:53:44,rejected
123,247,82,163.44,Instead stay him agreement might party. Arrive late example chance talk college thought campaign.,2025-03-03 04:19:01,45.79,2025-06-16 21:26:58,accepted
124,255,75,938.32,Technology certain stand bar relate you main administration. Along law man book. High heavy analysis area series within production. Teach bar book after.,2025-06-20 18:30:06,14.52,2025-02-11 05:42:04,pending
125,196,13,715.98,"Event tax bit guy reason. South wall south member half.
Never suddenly none indicate discover short rate small. Look smile someone themselves.",2025-02-14 12:40:30,39.35,2025-01-28 11:28:44,rejected
126,266,45,284.09,"Plant decide test official catch sometimes. Add explain house.
Fall event although history. Bad at stuff particularly few. Policy side although back.",2025-01-01 17:23:48,20.06,2025-02-14 14:51:06,rejected
127,24,38,358.78,"Town dark argue involve. Newspaper race develop particularly although. Defense catch could trip between light your apply.
Compare employee true guy.",2025-04-06 13:39:25,29.62,2025-02-26 03:56:43,accepted
128,291,31,414.49,"These old week adult raise choice will.
Course race official. When firm need serve.
Act nation drop give manager. Writer week approach trial nothing. Truth doctor animal newspaper national.",2025-05-11 14:34:42,18.22,2025-04-09 00:38:48,rejected
129,17,13,174.92,"Once task opportunity listen today perform. Them mind box participant.
Physical social thank price. Painting responsibility theory base you.",2025-05-30 00:08:43,15.36,2025-05-23 13:56:37,rejected
130,241,58,835.28,"Machine heavy approach face us. Court term to price gun.
Page concern see commercial event. Anyone mean its maintain.
As send all student. As certain amount every message.",2025-01-18 17:47:17,11.81,2025-06-01 10:07:23,accepted
131,204,97,196.42,"Pull cell stock shake. Door leg too indicate matter.
Usually little police mean like feel. Stock agree firm.
At result include eight teacher boy have. Fine enjoy billion shoulder concern.",2025-07-09 09:40:01,23.15,2025-04-28 13:54:59,accepted
132,164,90,198.06,"Foreign strong affect stock situation. High home store education decision.
Return investment one push student land. Question play weight travel. Model hard within type technology imagine.",2025-01-02 16:35:26,19.38,2025-06-22 03:41:39,pending
133,31,49,364.18,True ever chair structure ago five shake. Front any rise war see. Interview red party area so national pass foreign.,2025-04-20 03:49:51,41.6,2025-04-30 09:49:08,accepted
134,212,99,887.32,Order it might create fact scene fact. Base leave responsibility finally window choose might concern. Among must everyone capital treatment open his.,2025-01-18 16:54:57,35.0,2025-02-23 05:04:40,accepted
135,7,93,282.87,Social what talk expect. Score kid throughout security pretty course. Economy look home face hope myself.,2025-06-07 11:22:34,16.6,2025-01-07 16:06:29,pending
136,138,61,861.34,Age five voice that single lose. Keep more significant box several character street. Focus fund foot interesting do for southern meeting.,2025-01-07 01:13:54,26.41,2025-01-04 18:26:06,pending
137,24,56,120.91,"Matter move exist your yourself gun plant. Congress professor arrive check thank.
Line specific behavior care. Serve including none if wait seat end work. Within rock meeting.",2025-02-02 21:33:05,26.98,2025-06-22 14:29:43,rejected
138,15,15,909.12,"Return soldier least involve magazine ten.
Player serve relationship purpose individual. Daughter kid important night. Statement official popular major standard child.",2025-05-12 18:39:17,39.8,2025-02-05 17:00:59,pending
139,239,75,586.13,Same it always face of red may happen. Serious see prove. Beyond road participant he short sister view organization. End field remember.,2025-02-16 22:47:45,34.13,2025-01-27 16:15:27,rejected
140,183,39,362.76,"Early evening student into. Institution green note enter field hotel. Send stand hold everyone science.
Congress talk whom avoid old reflect. American defense race mention short seat camera lay.",2025-04-30 07:36:32,16.93,2025-04-05 13:36:09,rejected
141,286,100,836.26,"Democrat necessary there sort add sell water bed. Surface type just director art forward.
Along push movie garden say television.",2025-01-17 05:38:31,14.29,2025-05-21 21:53:21,rejected
142,62,79,461.78,"Behind give money class always less let. Candidate they interesting wear large hard this. Board a a carry president exactly.
Fund east customer. Leg look economy break body they.",2025-02-11 05:51:05,22.25,2025-02-23 14:52:21,rejected
143,223,6,416.44,End hotel investment system nation other. Game picture least analysis form heart ok. Property manager truth change fish.,2025-06-10 01:33:47,17.38,2025-05-14 09:06:28,rejected
144,202,85,762.67,"Difficult ten enjoy paper blue writer. Change network may keep memory. Most evening film theory back.
Move somebody some black customer. Garden physical push sell city specific teacher.",2025-07-07 21:14:21,10.69,2025-05-07 02:50:35,accepted
145,95,65,461.12,Pick parent major population thousand old identify. Event door drive skin man character light.,2025-04-29 01:43:48,18.16,2025-02-05 07:55:54,rejected
146,22,90,293.59,"Now cold thing sure under stay whatever. Business early bar else. Pay use him daughter.
Certain product player. Well lay station executive some. Clear however dog cover public.",2025-03-14 09:49:24,21.1,2025-05-08 08:48:00,rejected
147,135,99,498.17,"Full care majority trouble. Vote body carry take condition player true.
Alone travel religious performance music nor move nothing. Within choose soldier teach fish.",2025-02-23 21:17:16,18.15,2025-05-08 03:21:00,pending
148,166,51,770.26,"Sort hope behavior board box reason go cause. Behind hour former national professional. Matter father like particularly your few thus.
Newspaper actually hotel task relate. Case teach Mr trade know.",2025-04-27 08:03:07,14.83,2025-04-19 10:30:15,accepted
149,289,33,840.69,Physical specific believe PM civil animal support. Participant bag different surface but statement after cell.,2025-06-16 02:48:11,39.76,2025-06-07 16:20:26,pending
150,68,74,101.44,"Firm probably likely top. Piece college join news that knowledge. Remember put behind among decide color quite.
Apply treatment small prove best. Yet positive join. Final reach store your.",2025-01-08 16:23:07,16.74,2025-02-22 09:44:34,rejected
151,49,45,658.52,"Side point follow body. Now catch their couple bit machine loss me.
Ahead establish total. Fear environmental issue employee manager street eye. Central campaign build bring cup.",2025-02-28 14:11:58,45.1,2025-01-05 14:16:34,pending
152,141,22,483.07,"Design game indeed help you. Prepare win gas late choice determine reflect.
Consider him trip standard. Father style history sport.
Yeah feeling free final worry. Fund general store industry fire.",2025-04-12 01:42:10,22.35,2025-06-17 05:17:18,rejected
153,51,100,802.83,Base attorney institution trade commercial now activity store. Situation truth money onto. Church including three himself sea film more why.,2025-06-02 20:02:58,10.14,2025-04-16 17:05:45,pending
154,190,35,631.32,"Garden administration movie role try class relationship politics. From race when reveal author whether summer.
Save I present another face result. Pm your anyone usually through high become drop.",2025-06-05 20:10:25,16.14,2025-05-20 20:15:01,accepted
155,281,51,116.61,"Positive company bad its. Among drop claim.
Sister surface key public budget. Question group agree statement too door top.",2025-06-11 21:20:15,42.6,2025-02-04 22:49:56,pending
156,152,18,441.67,"Recognize Democrat main author two night work. Imagine remember story stage.
Produce art western head value deal sure. Protect here safe traditional generation those.",2025-01-14 09:39:24,21.3,2025-02-27 19:49:58,pending
157,240,7,463.98,"Election national quite serve southern discover. Indicate least sit.
Miss ever floor experience follow. Rise suddenly contain source control history. Bill so painting within degree science.",2025-02-14 10:19:21,37.67,2025-02-13 05:11:10,pending
158,3,90,865.07,"Key special read much once level. Serious senior scene seat.
Ever hot trip. Between couple church investment grow.",2025-06-27 05:42:53,25.19,2025-01-28 07:10:58,rejected
159,250,8,347.73,Green thousand walk way. Visit culture during contain month. According news garden high expect indicate wife.,2025-03-18 04:48:15,30.79,2025-01-08 08:36:37,rejected
160,69,48,366.22,"Guess country individual defense surface every. State almost go same red ability room ok.
Goal listen according director. Building message raise red make.",2025-06-06 11:44:23,43.63,2025-03-06 07:15:04,rejected
161,261,81,858.47,"Rich news study surface. Community simple deep discover family.
Service party enough various. Black most project win green situation factor. Special serious down middle over here.",2025-03-18 12:35:36,21.3,2025-05-06 12:00:53,accepted
162,42,41,832.99,International everyone very tonight voice. Upon concern modern mission range certain table your. Stand significant both rate again doctor responsibility.,2025-01-19 19:37:03,5.76,2025-01-03 06:07:45,accepted
163,182,95,233.52,"Near threat positive. Per business million continue.
Quite seek produce choose shoulder if course attack. Throw medical reveal again education way note. Outside image just around study activity.",2025-04-11 16:10:17,29.31,2025-04-28 14:21:15,pending
164,165,55,892.8,Maintain require issue enjoy off person. Evening all information per treatment focus drug. Administration require challenge site computer bed positive.,2025-04-27 16:36:55,34.59,2025-04-24 01:25:52,pending
165,67,5,431.6,Number magazine fly responsibility audience region. Affect bag discuss within tax similar seek.,2025-07-07 03:22:09,21.11,2025-06-29 06:35:27,accepted
166,298,19,791.64,"Put bank personal throw product. Run oil top book. Travel already tend maintain.
Candidate strategy hope out technology rather. Industry stuff send action nearly.",2025-05-22 14:05:03,42.34,2025-05-25 13:06:27,pending
167,193,12,185.97,Policy hair instead security within. Present everybody responsibility every ahead security front. Degree price allow reason source better.,2025-04-23 12:06:36,12.87,2025-03-08 00:04:04,pending
168,181,98,471.33,Figure development outside husband her stay. Nor hair budget suddenly plant available. Thought administration last radio sort. Role green reality note various.,2025-01-25 21:08:45,15.83,2025-06-19 18:41:59,pending
169,113,27,898.66,"Age level American western four floor successful. Response different who everybody.
Cold land data feel. Can condition amount test parent range. Drop to someone peace.",2025-02-26 00:11:03,36.74,2025-03-01 12:58:30,accepted
170,275,42,640.96,"Focus beautiful join everybody around. See home blood. Look quality film just.
Level hotel mother school actually white enter yourself. Power wait face. Save century market score expert if letter.",2025-01-28 04:24:35,25.89,2025-07-02 03:54:04,rejected
171,225,63,684.49,"Bit couple world everything law. Method wear soldier use go eye.
Degree seven matter probably Mr including. Why listen for professor.",2025-01-06 22:26:50,11.29,2025-04-10 18:11:25,pending
172,74,13,974.03,"Use black possible soldier care. Coach big identify suddenly choice notice.
Program will character tough action how lawyer. Stuff play political use think.",2025-04-16 01:08:43,37.06,2025-06-10 09:14:15,pending
173,219,69,658.28,Run son process nice peace finish information. Special lay city drug training chance back.,2025-03-29 20:17:23,46.9,2025-01-22 05:01:33,accepted
174,25,75,384.19,"Thus hear argue these. Task wait argue model until involve. Hard table may hard military throw attorney.
Boy father fill on table break open result. Worker worry even between.",2025-01-27 16:28:32,26.79,2025-06-16 00:34:15,rejected
175,200,15,946.2,Name machine positive key your serve assume. Field no quite anything indicate here. Project sort plant education life choose account.,2025-06-16 22:53:27,32.74,2025-06-29 14:19:29,accepted
176,4,20,470.98,"Message season require analysis market. Create impact culture arm two.
Manage report ahead never work some month. Begin offer nor pull me move.",2025-01-11 11:07:10,48.92,2025-05-08 22:36:09,pending
177,249,72,912.95,"Down almost institution page catch despite their. Difficult use police organization role.
Space mention we include campaign. May us wish. Machine rich economic significant keep.",2025-01-24 00:09:22,23.35,2025-03-30 04:33:52,pending
178,268,9,808.51,Summer admit energy energy impact force determine. Simple safe education establish act watch. Social send save end series. Start life machine white dinner.,2025-05-07 18:29:27,36.16,2025-04-23 04:14:06,rejected
179,58,75,332.25,Likely myself military will start. Political ready must fact recently should. Blue manage statement half training first give.,2025-05-21 00:54:11,7.5,2025-02-22 00:43:14,accepted
180,60,6,889.75,Manager hope my west little last letter. Opportunity save magazine quite quite fear fast.,2025-04-29 08:45:35,46.58,2025-06-22 23:34:47,accepted
181,45,30,539.49,"Student three any bar. Least peace former. Church couple they. Ten your wide.
Picture name language fill three write six.
Day shake reduce per. You you I. Democratic in herself want out there year.",2025-01-01 04:20:39,21.07,2025-04-29 08:29:46,accepted
182,24,85,796.12,"Mind coach loss sit shoulder evening community. Newspaper before brother have war morning score inside.
Fall over thus method especially.
Agency effect yet free home. Remember hard discuss week.",2025-04-05 17:41:58,15.51,2025-01-14 05:00:38,pending
183,128,42,441.24,Require federal benefit majority special final treatment. Also seem contain perform star anyone. Sister business live tell story.,2025-05-06 18:41:47,8.81,2025-04-30 04:13:27,pending
184,87,77,425.27,"Occur him total try standard. Shake trouble its attention owner else big.
Reduce eat southern control.",2025-06-07 05:09:00,22.77,2025-07-05 01:33:01,rejected
185,182,51,171.77,Maybe know out federal international scientist. Outside story loss significant. Interesting forget listen easy pull wrong company.,2025-03-09 00:44:50,46.53,2025-03-22 21:06:09,accepted
186,178,93,408.53,"Everybody central each car left order notice.
Begin minute prove analysis. Hope maybe or choice hot.
Else in large air reduce play establish.",2025-05-25 21:31:22,27.52,2025-05-21 11:54:44,pending
187,216,92,122.76,"Become picture save town.
Tonight compare ten painting somebody knowledge over. Site price before I low son name carry. Democratic total a happy benefit shoulder indeed among.",2025-03-23 01:40:51,8.99,2025-01-10 22:03:55,accepted
188,227,29,436.87,Able stock attention say realize far return life. Career though language over his leader good. New term present.,2025-01-10 09:41:45,40.38,2025-04-26 08:48:58,accepted
189,163,8,461.36,"Degree network man situation program. Specific today enter glass before. Chair wall people.
His rich role. Himself main team no air result.",2025-03-24 12:03:44,33.54,2025-04-07 09:51:23,accepted
190,152,23,854.03,"Agent into country program item sit detail go. Wind to represent more.
Billion prove away feel culture. Father throughout else mean another machine serious. Risk per data kid determine.",2025-06-26 19:59:00,13.36,2025-02-08 09:37:54,pending
191,48,12,423.68,Point already after. Knowledge environmental agent describe very within stock. Recently shoulder entire opportunity military possible here.,2025-02-14 10:21:38,47.08,2025-03-15 18:57:55,pending
192,290,85,516.76,"Sense also week language economic.
Control term simple.
Her sort recently hit admit early. Them American agency impact hope along must.",2025-05-06 01:20:19,36.53,2025-03-12 09:20:04,rejected
193,300,71,212.87,"Onto some Republican class. Image though far although any subject future.
Budget check trip upon ahead plan arm blue. Could address remain mind difficult drug its.",2025-01-12 03:35:19,16.21,2025-01-02 04:19:52,accepted
194,216,70,579.69,"Message step both also without. Rather indicate the society arm care TV.
Market perform final employee compare especially.
Human knowledge early read far event care region.",2025-06-08 17:56:37,35.55,2025-03-12 20:22:55,rejected
195,110,96,494.5,"Plan strategy system unit. Through fly opportunity.
Light first coach Republican can bill. Money get so young. Issue major government.",2025-04-16 04:56:51,47.58,2025-05-17 17:47:48,pending
196,276,56,337.03,"Concern hit stand reveal. Property general especially energy room.
Population institution window task still. Direction memory mother officer born set. Such understand as likely maybe too.",2025-03-25 14:15:10,47.69,2025-02-08 16:55:59,accepted
197,95,82,479.13,"Collection production individual walk stock thank music. Sport middle performance more nothing discussion water. Eye party price imagine small check.
That where happy receive wife almost.",2025-07-03 23:10:07,45.92,2025-04-22 14:07:23,pending
198,111,68,735.87,"Law growth worker hand treatment data white. Energy price experience education everybody school fly. Current see let his.
Unit the animal will mean. Hand coach exist.",2025-04-19 01:35:50,33.44,2025-02-15 16:11:16,rejected
199,240,22,544.5,"Husband meet large buy experience.
He never myself course include area mean. Federal team wish.
Test wind necessary media. Big wonder turn cell. Task rest suddenly television budget reality begin.",2025-03-02 20:10:33,11.76,2025-06-10 03:05:38,pending
200,118,94,298.81,Wide add them. Message key no anyone product. Rule conference all Mrs media culture as.,2025-05-15 21:12:34,20.88,2025-02-19 17:05:07,accepted
201,114,59,839.88,"Individual while great keep and let hit. Be foreign soon radio.
Human before suffer group. Cell they sell head wife better cover industry.",2025-06-02 02:28:21,26.28,2025-02-07 11:53:19,rejected
202,69,84,235.69,"Each page clear allow deep hot. Age sense young happy. Ten again with war.
Forget first list drive prevent me. Carry reveal discuss evidence until fine what he. About two blue team ago phone.",2025-07-09 07:57:59,43.21,2025-02-20 02:29:51,pending
203,228,34,703.53,Establish worker employee page into. Religious put key during. Expert two like major fish political.,2025-03-20 19:20:15,29.92,2025-06-01 03:10:11,accepted
204,196,78,121.54,"Free wall project put.
Soon night bag officer.
Process rather sound body include.
Fight short culture quite I bad sell. Subject building support.",2025-05-18 17:41:23,14.86,2025-02-28 12:14:49,rejected
205,58,24,816.31,"Where bit skin these land. Brother thought matter social push PM above practice.
Two future beyond respond. Director despite lot positive. Wear specific bad if budget road.",2025-05-06 17:23:14,46.29,2025-06-11 21:15:35,rejected
206,91,8,364.74,"Worker scene over often fear.
Production visit practice surface box.
Wrong shake design fight. See mention end property him.",2025-06-05 13:38:39,25.08,2025-03-27 01:33:42,pending
207,193,33,717.44,Scene loss particular data question. Draw home risk century rather single. Seat recent shake draw newspaper figure fight serious.,2025-05-13 09:05:54,39.94,2025-03-18 21:35:01,rejected
208,164,6,338.21,"Including state executive nor lawyer worker. Reveal discussion whose federal adult brother.
Chance again author style. View type discussion subject.",2025-02-25 21:14:57,21.46,2025-06-21 07:13:57,rejected
209,60,45,264.17,Drive ball part option seat. Would strong toward I no old fact. Course use at six. Relationship fear hundred describe assume west up.,2025-02-17 09:28:49,33.01,2025-05-04 05:39:17,rejected
210,130,18,576.9,Since seat three similar. Get sing subject section close machine herself employee.,2025-03-25 14:29:55,17.38,2025-01-09 16:35:33,accepted
211,158,65,636.09,"Another can before watch environmental. Help once building between college.
Art ground remember you. Author lawyer major nation require consumer.",2025-04-20 22:46:23,37.41,2025-02-08 02:11:03,rejected
212,105,69,304.32,"By have red teacher right tax. But garden structure. Kind audience kitchen man continue food.
Weight gun investment act. Standard cup which contain something.",2025-02-01 19:39:36,20.44,2025-04-16 21:00:36,accepted
213,86,68,606.43,"Yourself usually market democratic fact may. Course exactly a.
Hundred collection practice maintain paper trial activity rise. Win cultural nothing carry could.",2025-03-15 10:27:15,15.94,2025-04-07 11:32:30,pending
214,14,91,645.27,"Camera show son eat. Listen indicate explain hotel fast. Control avoid adult spend.
Word type stage gun party. Experience bill it increase. Material own sort cost gas prove speak.",2025-04-29 16:53:34,25.06,2025-03-26 00:52:57,accepted
215,287,79,203.67,Tree at here security throughout. Pattern wait heart listen mouth box.,2025-02-07 03:36:20,15.96,2025-03-16 08:20:49,rejected
216,84,67,242.72,"Smile much as impact spring tell. Five all talk so war.
Relationship day bad offer position performance lose since. Discussion pass number large subject.",2025-02-03 10:20:09,27.45,2025-04-26 09:10:18,pending
217,29,16,952.09,Think support town former fund nor develop simple. Crime so represent table. Sea whatever view director dark feel area.,2025-06-27 09:17:48,13.47,2025-02-12 09:07:28,rejected
218,6,43,960.08,"Likely speak structure anything get player of. Before candidate turn left fight.
American suffer wide suggest use. International week month add pressure.",2025-06-27 03:19:44,25.83,2025-06-29 10:53:01,rejected
219,296,43,855.4,"Soon sister international interesting laugh else end. Room myself various tax. Within office quite wrong as whole relationship.
Establish sell his data special relationship Democrat.",2025-05-29 09:46:56,48.01,2025-01-04 04:17:50,pending
220,62,23,605.73,Start tax sing social exist pretty international. Trial away thought identify president mention defense.,2025-03-25 04:02:41,17.29,2025-05-25 05:47:57,accepted
221,140,14,716.66,Maybe tough nor memory small. Chair set past hard suddenly yourself natural fight. Even television inside cultural safe born.,2025-06-14 01:57:31,40.71,2025-05-04 06:22:37,accepted
222,83,56,234.53,Anything cost level Mr pressure sure. Western film community amount road successful another hospital.,2025-06-27 22:56:56,28.25,2025-06-21 08:45:28,pending
223,20,47,945.19,"Leave set body test. Size myself subject. Result himself decision recent.
Between water event soldier. Fast discuss oil science morning.",2025-03-17 13:08:24,7.23,2025-03-18 03:38:27,pending
224,66,66,427.54,"Which health surface old its process keep. Interview woman half chair question. No no blood reach play.
Position exist about network push move high. Follow do production change make approach answer.",2025-03-18 22:26:42,48.12,2025-03-14 06:53:50,pending
225,274,75,529.21,Beat break security. Billion white despite know investment. Least our plan town reflect clearly president.,2025-04-24 08:12:24,8.41,2025-01-26 15:16:03,pending
226,20,15,525.48,"Crime yeah stop majority staff thought space. Lay professor keep find.
How seat Republican eat risk. Sound improve we. Because image light rock consider thought. Degree build mouth among discover.",2025-02-07 14:19:17,15.65,2025-05-19 21:34:11,rejected
227,272,47,261.93,"Model above return bag because focus serious. Right boy turn fall research blood.
Own technology apply major may nothing law indeed. Shake less at.",2025-02-12 10:56:29,11.78,2025-05-10 01:21:32,accepted
228,156,7,937.25,Administration size once American never tough. Camera star they office second. Performance dinner serve include great.,2025-05-12 21:55:06,14.04,2025-01-08 09:50:40,rejected
229,97,2,945.77,Laugh door allow strong century. Administration industry country many young book sense cup. Federal movement current book fill ever pull.,2025-06-21 04:01:51,13.52,2025-01-15 23:11:13,rejected
230,65,21,241.2,Head although oil try majority. Radio notice baby TV Mrs. People morning the amount accept daughter.,2025-05-25 04:33:24,35.76,2025-06-05 01:21:36,accepted
231,22,1,897.49,"Contain and goal. Left protect amount difficult these.
Contain word company himself. Far character thus skin. Fill four race discuss.
Foot ball cold value organization value.",2025-06-01 09:08:53,6.62,2025-05-18 03:46:35,pending
232,227,22,831.48,"Very us challenge whole last. Respond company job down other main they question. Space offer list. Practice trouble morning analysis scientist all.
Edge total peace.",2025-02-01 11:01:38,15.07,2025-03-10 13:51:44,pending
233,130,16,726.54,Vote follow popular art draw wind. Prevent foot fact thing feeling alone. Ask amount energy church process future.,2025-02-01 18:54:47,19.97,2025-01-09 03:01:08,accepted
234,34,67,555.78,Though southern baby dinner more around water. Today player happen. Agency TV themselves successful walk good major goal.,2025-07-03 19:43:38,28.25,2025-01-29 15:45:14,accepted
235,156,19,737.84,"Land lot war few.
Detail local six entire data goal able wind. Cup natural size similar.",2025-04-23 08:08:09,10.47,2025-02-12 08:47:05,pending
236,187,64,639.28,Support argue later reality thousand assume air. Record three performance. All guess bank region cover.,2025-04-25 19:03:32,44.35,2025-03-26 16:17:25,accepted
237,255,59,140.05,Treat part recently best sell even. While rate top among attention determine lawyer financial. Save hot property add start civil mean.,2025-03-23 03:32:13,48.8,2025-05-01 16:36:59,accepted
238,210,28,612.54,"Run inside plant pattern. Side cultural start onto use sign would ask.
Meeting author follow military. Kitchen analysis maybe local everybody.",2025-04-20 01:38:24,14.4,2025-02-01 19:16:49,rejected
239,86,12,923.79,"Feeling drug employee life store. Staff attention benefit.
Evening want hair position. Yet either power.
Stock billion cost. Difficult pretty court light.",2025-03-29 20:57:24,45.98,2025-03-04 19:48:59,pending
240,191,99,468.83,"Box scene amount final fine. Administration dinner sort health identify.
We performance size interest line. Government this figure add. Quality wrong upon before where.",2025-01-29 11:20:12,46.75,2025-02-12 16:19:50,accepted
241,65,87,542.47,"Road data specific piece major mind. Prevent pull area everybody huge never when. Cause far different use.
Section hot public big add. Amount role state light modern type.",2025-01-03 19:02:47,5.24,2025-06-10 11:16:10,rejected
242,227,100,784.23,"When test bag answer. Human director party allow.
Address claim us least agree issue. Public relationship up machine key would son. Live live Congress.",2025-01-02 12:53:25,30.07,2025-01-07 18:18:50,pending
243,6,17,560.13,"South that during long space animal. Area send industry quickly government six.
Consumer behind way name. Billion staff one town event camera.",2025-01-03 06:57:30,23.36,2025-04-28 10:36:49,accepted
244,26,61,131.36,Without me magazine above film fire color. Cup plant white office weight.,2025-04-03 11:07:51,23.07,2025-03-08 14:46:30,rejected
245,285,98,734.71,Late performance myself reason no better. Market clear hard police responsibility.,2025-03-31 15:35:04,15.22,2025-04-29 13:15:45,pending
246,44,21,839.56,Able control amount area group only. Reflect degree degree important almost Congress them. Drug specific you hotel purpose.,2025-03-17 00:53:40,15.4,2025-01-30 07:50:56,rejected
247,229,85,503.36,"Article positive capital attention body decision. Take pass follow and administration mother off rise. Beat final military.
Talk true ten college imagine. Gun other peace behavior break suffer.",2025-04-22 17:10:02,48.84,2025-04-25 02:23:30,pending
248,5,15,485.28,"Let fire less now close health. Increase course man practice party.
Have artist election. Student system poor.
Hit protect first until.",2025-01-01 07:31:50,19.57,2025-02-02 21:08:57,pending
249,227,31,102.28,Center together child week enter stock. Which really summer treat. Structure point number child state year but.,2025-03-28 22:34:17,42.97,2025-06-10 05:25:34,rejected
250,222,13,251.94,Particular minute wide start hard store great. Despite the run thousand everybody blood. Guy scene help rise at structure decide.,2025-02-19 16:59:18,39.51,2025-05-03 09:11:10,accepted
251,282,34,807.16,"Training cell third page unit keep traditional. Building food sea call present source.
Fire seat walk management name artist behavior. Life national key environmental garden board wonder response.",2025-02-06 06:48:15,39.11,2025-01-31 23:27:25,pending
252,63,63,647.08,"Style successful record activity director whatever. Position they her mission. Show popular because only different scene.
Half garden miss particularly animal thank where. Test drive tonight cup.",2025-05-17 06:00:24,47.08,2025-01-13 08:29:02,rejected
253,98,80,887.7,"Close information serve whether.
Drive entire short. Bag realize question through small road. Summer feeling race plan well sound trial floor.
Star argue mission value.",2025-03-14 22:51:17,13.49,2025-02-03 06:16:45,accepted
254,178,62,252.43,Upon street thank democratic. Professor half sign well. Agency thank individual blue manager. Hope majority people stage part mean.,2025-01-23 15:14:07,14.03,2025-07-05 12:59:53,rejected
255,39,76,759.62,"Great take impact fish music four. Recent president anyone back.
This she sell unit.
Military turn generation food order behind responsibility between. Lot allow hold see available.",2025-01-13 05:12:07,23.43,2025-04-01 09:59:14,pending
256,157,45,409.95,"Enjoy develop fight myself. Her likely should without single question.
Defense sister like base card. Fly probably research month consider now. Return stock everything.
Cell fish common yes loss.",2025-06-08 03:25:22,36.68,2025-04-24 22:45:21,rejected
257,213,41,197.77,"Thus three culture suggest could travel process. History agree land trip good phone pay. Others father important wide successful sense.
Thought call figure loss save.",2025-06-16 01:12:36,27.34,2025-04-02 14:44:29,pending
258,92,66,492.8,"Know describe born least. Certainly really feeling word seem.
Speak investment make statement. Hour attention forget receive everybody activity debate popular.",2025-04-13 02:38:50,19.62,2025-05-20 12:01:13,pending
259,282,76,205.45,Better place oil ability single condition player nice. Politics also audience city. Listen across research police finally new pass.,2025-04-13 22:42:19,20.92,2025-01-14 00:49:49,pending
260,87,19,361.87,"Other same if speak source agreement if authority. Federal despite way beat. Wind front hard training.
Room whatever several. President keep single. Tax camera field station economic long necessary.",2025-04-07 09:48:30,39.32,2025-04-08 14:01:41,pending
261,186,70,211.7,"Watch personal hour season travel it born. Why safe project central.
Tend specific include foot hard. Health other range social. Pretty name back ok.",2025-03-16 15:25:06,27.32,2025-01-12 21:08:09,pending
262,164,91,358.56,"Goal simply without ask development month. Dog get several.
Kid face tend response effort own week pick. Reflect office ready church key fall. Production development can under treat fall anything.",2025-06-14 17:42:03,42.9,2025-06-17 15:08:47,accepted
263,148,62,228.6,"Player effort TV forward ago. Statement film its if.
Rather theory himself different month. Never four president simply college increase able.",2025-06-16 15:31:24,12.6,2025-06-04 13:23:01,rejected
264,172,96,421.94,Space although red edge late future. Tough develop five institution. She pressure structure strong.,2025-02-03 05:55:34,9.04,2025-02-28 17:35:15,accepted
265,190,36,258.95,Trip like speak father push prevent. Order the help already write hear first. Walk strong anything across.,2025-04-26 02:19:50,13.54,2025-02-06 10:41:23,pending
266,109,82,484.95,"As check ask main remain cup its. Southern no hard style yeah.
Than blood address key. Amount partner growth understand situation few dream. Because main mouth edge exactly everything.",2025-02-10 17:53:13,29.01,2025-01-18 10:15:19,pending
267,52,35,730.54,"Dinner result woman. Week before left. Field fire during successful. Charge work scene author.
Democrat physical agree wide force. Stop large I heavy head. Reach beyond likely product work again.",2025-02-11 23:14:54,9.84,2025-03-20 21:56:24,pending
268,47,20,252.0,"Although enough property huge force be behind. Example base argue see quality million ask.
Group policy type. Western buy man.",2025-06-20 00:33:08,42.43,2025-03-24 21:15:36,accepted
269,107,45,236.11,"Enough issue author reality. Report there develop not natural program. Event its morning whether.
Single home read interview. Drive commercial fact thus local air.",2025-05-28 20:07:52,11.8,2025-02-28 21:42:09,pending
270,29,50,906.85,"Effect strong different too couple among save. Huge develop him. Such author small eye close.
Worry start alone watch. Full meet produce here view learn.",2025-05-16 21:33:19,49.05,2025-01-07 11:46:41,pending
271,79,70,515.88,Until family industry final relationship. Girl leg owner list fine art. For walk teach series goal her.,2025-07-06 07:28:49,45.12,2025-05-05 06:46:19,accepted
272,53,42,469.72,Push program machine join card international. Interesting as body pattern.,2025-03-05 09:46:12,47.73,2025-04-27 11:38:37,accepted
273,220,8,454.93,Church they tough everyone happen provide send check. Song Republican treatment good. Response name old argue science yard kid.,2025-05-03 19:12:47,49.84,2025-01-04 22:34:13,pending
274,11,97,473.28,"Recognize event matter occur very quite over.
Marriage paper small she. Station business exist official still start. Newspaper step consider message happen instead local.",2025-04-30 07:21:53,10.14,2025-04-06 01:42:38,rejected
275,173,52,657.29,"Last citizen side plant large generation customer. Before course standard training fight. Small attorney deep fish.
Continue support point decide dinner seat argue. Else support above new.",2025-06-04 19:41:56,24.21,2025-02-27 03:43:45,accepted
276,154,65,833.16,"Put three tell three really arrive. Who realize stand so represent body walk. Include hard bank.
Exist oil foot point ball door. Country none water section position heart.",2025-05-16 17:34:51,44.87,2025-02-28 16:03:06,pending
277,128,13,326.89,"Impact capital today fund produce. Participant book east meet scientist deal. Least maybe resource.
Study lot ability.",2025-06-09 11:38:56,18.44,2025-06-04 16:02:06,rejected
278,277,58,697.01,Window ready return support since method example seven. Possible relate exist scientist before specific to. President industry network opportunity high.,2025-05-25 05:02:05,30.72,2025-01-06 20:16:30,pending
279,105,14,167.47,"Stock treatment form include trade sing that up. Friend risk realize perform.
Success wide skill spend if apply. Staff whatever father.",2025-02-21 11:21:01,18.08,2025-04-17 12:36:42,accepted
280,196,3,899.34,Worker study evidence throw left effort ten. Image year serious fund child career important. Say both measure increase material. Laugh southern test key throughout check trade.,2025-06-28 17:03:26,5.76,2025-04-06 07:14:32,accepted
281,280,79,232.46,Bag life life here vote same. Federal finish police ability sort environmental industry class. Boy dream may light action ten whole. Remember mind whose experience sometimes support anything.,2025-05-19 07:37:45,36.13,2025-04-11 10:29:00,pending
282,124,50,934.34,"Agent control suddenly rock. Nothing not important himself trade rest. Defense certainly senior deep.
Especially page finally stop paper impact. Face trip price example election.",2025-04-17 12:05:07,45.14,2025-02-14 01:36:43,accepted
283,265,65,363.69,Especially rock six choose represent under then. Prevent level themselves quality. Begin language develop performance role.,2025-06-12 19:42:38,10.95,2025-02-16 00:40:04,pending
284,66,76,329.23,"Face cost line front run. Develop property create help hear. Boy star clearly learn place.
Within gas attention test. Grow federal sort fine kind picture.",2025-05-27 03:44:23,35.77,2025-03-11 09:04:30,accepted
285,151,59,979.51,Region gas focus walk international buy fire. Head too success style herself.,2025-05-15 16:13:29,41.13,2025-03-22 03:55:02,rejected
286,219,58,448.37,"Action level prepare course itself. Hot kitchen camera although friend benefit.
Fine ask leave.
Report reflect fire person. Attorney field professional make.",2025-06-23 02:34:36,36.77,2025-04-24 08:57:36,accepted
287,184,51,743.78,"Present involve artist talk. Improve environmental appear fall about.
North difference region lawyer record employee. Mention write whether left camera room.",2025-02-06 05:24:02,44.9,2025-01-13 21:36:03,rejected
288,125,13,378.59,"Three fall relationship deep. House reveal one still year.
Single book reach history teach her. Cup paper general home might. American yeah arrive through condition.",2025-02-01 15:16:10,13.04,2025-06-15 22:05:48,rejected
289,133,37,477.27,Interesting total long budget central. Partner hit director which several about.,2025-03-25 11:29:01,5.82,2025-02-06 09:59:53,accepted
290,287,31,688.57,Want sound but receive how natural voice. Peace skin hour serious study history item. Style civil factor lead suddenly.,2025-01-10 09:51:36,25.62,2025-05-16 09:02:29,rejected
291,114,94,265.04,"Such house growth type study health. Agree professional serve yard begin. Cold article writer leader most.
Not couple poor off speech.",2025-03-30 04:25:05,12.01,2025-01-17 06:52:28,pending
292,65,76,857.0,"Stand decade conference drug. Sometimes must next modern have writer executive. Like attack type nice prepare.
Us however exactly imagine they new hot dinner.",2025-05-05 02:53:36,38.11,2025-06-09 03:33:19,accepted
293,73,18,833.95,"Authority hundred evidence control though. Born speak least town increase.
Wall strong example rest north talk myself. Main ago could thousand again draw night. Around worry choose.",2025-06-17 14:59:04,11.86,2025-05-15 17:29:42,rejected
294,172,83,378.62,Every administration generation military interesting similar high friend. Physical firm purpose thing.,2025-05-03 21:51:01,26.25,2025-02-07 11:52:05,rejected
295,237,71,729.12,"Several local truth go.
Score action ok because all.
Floor box along. Nice less though tend interesting idea born ground.",2025-07-09 09:14:11,39.28,2025-06-19 02:15:22,rejected
296,272,69,883.82,"Especially none accept technology certain. Spend light friend wife dinner executive discussion effect.
Unit lose strong guy them. First process city catch plan cost. Still reason read thus.",2025-04-30 09:57:55,28.3,2025-02-01 03:14:24,pending
297,19,8,652.14,Rule future safe present behind past.,2025-06-04 10:04:10,26.53,2025-03-17 12:25:03,rejected
298,57,58,515.28,Floor beat experience Congress. Weight claim by nothing thousand shake.,2025-04-12 08:25:13,20.94,2025-06-15 16:35:19,accepted
299,207,6,575.28,"Culture discuss but answer positive. Inside stuff his wonder sound prove game.
Mention hot partner either use community. Fast themselves him reflect sister. Their will forget task section.",2025-02-21 13:57:01,12.12,2025-05-19 09:41:47,pending
300,143,57,177.4,"After center senior. Mission tend even like at result instead hear.
Management address do everyone different enjoy. Possible less film study structure against.",2025-02-22 14:18:48,9.42,2025-05-14 19:06:39,accepted
