service_id,provider_id,category_id,service_name,description,price,availability,created_at,updated_at
1,16,10,Vision-oriented bi-directional superstructure,Wife degree voice spend should difference stage. Way win far section grow trouble.,484.45,"{""mon"": ""9-5"", ""tue"": ""9-5""}",2025-01-04 11:24:41,2025-02-24 11:12:20
2,86,7,Phased asymmetric service-desk,"Third team different heart. Manager big child record know seek. Training good drive explain keep majority available out. Keep team one ball must organization.
Night a success lead form.",442.03,"{""mon"": ""9-5"", ""tue"": ""9-5""}",2025-03-11 02:23:11,2025-01-03 13:04:45
3,10,6,Persevering client-driven approach,"Decision prevent bed since nearly. Statement father let.
Many assume by. Continue forward billion should. Picture blood where.
Record shoulder realize thus. East on pretty worry individual each sell.",407.96,"{""mon"": ""9-5"", ""tue"": ""9-5""}",2025-03-22 11:51:35,2025-02-28 00:57:59
4,76,7,Organic systematic collaboration,"Spend certain style marriage value. Life middle bag.
Visit possible affect never prevent. Toward thank project product church.",77.29,"{""mon"": ""9-5"", ""tue"": ""9-5""}",2025-06-20 04:04:08,2025-06-25 15:47:53
5,89,6,Assimilated multimedia adapter,"East live return service behind writer cup forget. Organization effect country lay avoid speak relate.
State enough seek truth scientist daughter grow million.",233.43,"{""mon"": ""9-5"", ""tue"": ""9-5""}",2025-04-28 05:15:23,2025-02-11 11:18:28
6,71,10,Versatile disintermediate toolset,Direction type list current able arm son. Loss financial discuss if discussion walk. Feeling well job agency stage station.,358.71,"{""mon"": ""9-5"", ""tue"": ""9-5""}",2025-03-27 05:17:42,2025-05-11 22:17:37
7,34,2,Innovative content-based policy,"Which late Mr section collection vote production. Western yet music arrive not need.
Seem these although. Group media end itself bank energy safe.",211.2,"{""mon"": ""9-5"", ""tue"": ""9-5""}",2025-06-10 03:23:48,2025-07-03 08:19:40
8,45,8,Multi-lateral intermediate support,"Anything any trouble base wish test across. Inside traditional heavy board build able. Try cultural again beyond what wear.
High sign however. Lay law free traditional.",405.94,"{""mon"": ""9-5"", ""tue"": ""9-5""}",2025-04-21 01:52:26,2025-03-13 04:24:28
9,4,1,Quality-focused coherent Graphical User Interface,"That wear result usually. Just southern serious market still add.
Beat inside yourself opportunity easy. Reveal deep unit way various prove risk military.",253.78,"{""mon"": ""9-5"", ""tue"": ""9-5""}",2025-03-31 13:03:37,2025-05-08 13:32:06
10,70,3,Multi-channeled optimizing interface,"Hundred sure read court. Control voice single care before amount whose. Song similar return.
Floor leader prevent contain green agent reflect everyone.
Study news woman your. Else various however.",294.93,"{""mon"": ""9-5"", ""tue"": ""9-5""}",2025-03-23 16:12:22,2025-03-20 01:20:56
11,7,8,Phased cohesive extranet,Reason sure pass knowledge. Animal certainly star meet. Memory out seven cup interesting nor walk.,172.66,"{""mon"": ""9-5"", ""tue"": ""9-5""}",2025-02-28 13:30:39,2025-01-10 10:07:49
12,99,5,Streamlined non-volatile structure,"Story treatment source prevent. Smile decide guess whether several view city. Improve travel word lose toward.
Heart onto body probably. Season course budget real. Audience green wrong can.",116.03,"{""mon"": ""9-5"", ""tue"": ""9-5""}",2025-05-05 10:28:53,2025-02-12 22:45:15
13,38,6,Total optimal access,Describe for any lot local hope wear. Authority conference may serious current hear decade.,331.51,"{""mon"": ""9-5"", ""tue"": ""9-5""}",2025-01-04 00:50:35,2025-03-15 06:49:46
14,52,8,Streamlined disintermediate solution,Occur total response card guess something write professor. Couple want reveal finish. Management trial kitchen attention.,127.81,"{""mon"": ""9-5"", ""tue"": ""9-5""}",2025-07-05 10:50:08,2025-02-25 18:17:30
15,36,3,Cloned foreground attitude,Drop world deal beyond. Information world institution cause other. Lot read truth long risk argue.,311.37,"{""mon"": ""9-5"", ""tue"": ""9-5""}",2025-03-20 02:55:37,2025-03-22 11:18:00
16,92,10,Compatible dynamic collaboration,"Hope study guess get however write. Dog environment finish human pay high.
Work difficult case road shake each tell point. Produce charge baby history along buy beyond.",357.69,"{""mon"": ""9-5"", ""tue"": ""9-5""}",2025-03-03 06:43:16,2025-01-27 20:45:20
17,40,5,Operative system-worthy matrix,"Direction accept song.
Case summer adult kitchen blood alone loss. Bad situation campaign challenge money security.
Sea professional back region operation behind suffer.",293.59,"{""mon"": ""9-5"", ""tue"": ""9-5""}",2025-03-19 18:58:30,2025-05-27 00:14:22
18,28,1,Proactive homogeneous hardware,"Quickly little turn ground weight. Scene if example business. Truth not early miss since color.
Here indeed reveal who off north blue. Set six care former camera during.",77.85,"{""mon"": ""9-5"", ""tue"": ""9-5""}",2025-04-12 03:17:23,2025-01-25 00:13:14
19,8,2,Visionary incremental pricing structure,"Citizen case stuff late. Across could between gun political.
Simply career hear bank. Report seek and situation even. Trip key entire air apply late.",310.31,"{""mon"": ""9-5"", ""tue"": ""9-5""}",2025-07-08 18:56:39,2025-05-21 05:23:05
20,24,1,Innovative dynamic knowledgebase,"Sit do deep on. Learn phone team system walk. Science agree must question board goal develop.
Security vote walk chair method drive. Pay plan set individual throughout. Large vote out.",334.19,"{""mon"": ""9-5"", ""tue"": ""9-5""}",2025-06-28 01:03:13,2025-02-12 10:09:07
21,1,9,Customizable holistic software,"Ground save floor kind then. Six interview cultural whatever ahead week since.
Factor close certainly treatment special smile. Cultural politics yes shoulder.",86.66,"{""mon"": ""9-5"", ""tue"": ""9-5""}",2025-06-04 15:33:25,2025-04-11 05:29:44
22,91,4,Diverse bandwidth-monitored standardization,Test try piece blood usually example discussion. Upon score such. Without every score traditional door information know.,172.01,"{""mon"": ""9-5"", ""tue"": ""9-5""}",2025-06-02 20:20:50,2025-03-28 15:11:04
23,90,2,Adaptive motivating analyzer,Week budget suddenly stay store remain order. Occur discussion hot month. Collection candidate see do meet.,265.36,"{""mon"": ""9-5"", ""tue"": ""9-5""}",2025-03-01 02:17:00,2025-03-28 08:40:08
24,97,4,Mandatory maximized installation,"Mention important beyond society present. Cover rest follow term should audience sign.
Shoulder town will subject middle person push parent. Give like store.",392.06,"{""mon"": ""9-5"", ""tue"": ""9-5""}",2025-05-26 18:37:32,2025-04-04 07:12:07
25,94,3,User-friendly foreground Graphic Interface,Either toward determine hotel model. Leg huge next.,233.97,"{""mon"": ""9-5"", ""tue"": ""9-5""}",2025-07-07 21:18:53,2025-03-28 02:46:30
26,59,9,Enterprise-wide tangible website,"Although thing Congress public. Create of fine training our fact much. Do base night plant public Mrs sell. Floor particular want good happy.
However election across. Lose hit lawyer.",182.9,"{""mon"": ""9-5"", ""tue"": ""9-5""}",2025-04-10 19:02:36,2025-03-09 05:12:40
27,93,8,Horizontal grid-enabled superstructure,"Practice story partner face career as election. Artist grow though far might.
Trade site seven lay.",188.24,"{""mon"": ""9-5"", ""tue"": ""9-5""}",2025-03-25 17:35:38,2025-04-22 18:00:33
28,86,7,Reactive empowering open architecture,"Almost rich few affect send. Poor yourself what number many. Speak director fire individual.
Television west hotel while. Drive wear collection walk pretty little account. Close property let hope.",96.25,"{""mon"": ""9-5"", ""tue"": ""9-5""}",2025-06-13 05:45:34,2025-05-10 17:08:32
29,31,6,Distributed high-level throughput,"Space my until near station big maintain. Should song character Democrat choice coach thank father.
Response perhaps loss. Apply wait value wish treat whom.",55.92,"{""mon"": ""9-5"", ""tue"": ""9-5""}",2025-03-10 18:29:27,2025-05-05 11:54:49
30,58,2,User-friendly intermediate parallelism,"Father raise collection method partner. City view something area skin own.
Claim need pass ten arm. Soldier line very realize billion. Late military three thus. Community image worker success.",188.35,"{""mon"": ""9-5"", ""tue"": ""9-5""}",2025-01-17 07:13:27,2025-04-15 22:45:02
31,61,9,Progressive coherent system engine,"Whose could owner great huge us.
Effort appear century anything always. Carry interview movement.
None task meet yard speech. Appear more performance degree ability thus before assume.",414.96,"{""mon"": ""9-5"", ""tue"": ""9-5""}",2025-07-02 17:19:37,2025-03-17 16:44:29
32,70,5,Adaptive intangible database,To hotel film discussion standard find study garden.,440.12,"{""mon"": ""9-5"", ""tue"": ""9-5""}",2025-06-29 20:51:40,2025-03-24 16:07:34
33,55,2,Re-engineered disintermediate info-mediaries,"Detail piece time there. Admit relate pick chance local marriage charge.
Site alone five plan nearly may. Republican five specific color door century along.",261.77,"{""mon"": ""9-5"", ""tue"": ""9-5""}",2025-04-11 19:48:48,2025-03-08 19:55:06
34,22,4,Multi-layered zero administration superstructure,"Task model choose one current garden pick similar. Argue stock appear return third few. Material control culture prevent somebody cost.
Issue goal alone page eye age view. Figure power seat glass.",198.03,"{""mon"": ""9-5"", ""tue"": ""9-5""}",2025-07-03 07:39:14,2025-01-09 11:36:17
35,37,3,Enterprise-wide intangible Local Area Network,"Education summer after democratic possible. Hot account close stage. Want suffer help rest.
Movement decide front. Rule and seat value deal. Later serious real go hour.",70.98,"{""mon"": ""9-5"", ""tue"": ""9-5""}",2025-07-06 12:57:30,2025-07-03 16:32:44
36,2,4,User-friendly heuristic artificial intelligence,Knowledge heart really western me really. Example should life reveal this tonight.,179.19,"{""mon"": ""9-5"", ""tue"": ""9-5""}",2025-01-21 12:43:43,2025-01-19 15:24:52
37,67,6,Customer-focused systematic matrix,Choose drop soon above. Still stage employee Democrat perform. Prove agency tax speech any require. Present amount middle draw.,83.28,"{""mon"": ""9-5"", ""tue"": ""9-5""}",2025-05-12 07:53:19,2025-05-27 22:51:50
38,16,8,Stand-alone fault-tolerant Internet solution,Indicate get model bank candidate indicate run. Final sing better myself billion health car. Try fine bed cause. Result network community per meeting.,274.46,"{""mon"": ""9-5"", ""tue"": ""9-5""}",2025-03-25 01:20:29,2025-07-04 17:01:50
39,66,3,User-centric encompassing encoding,"Identify son and then bank church. Media your respond move remain ability. True also arrive policy.
History another her whom. Notice third true through will age property.",284.58,"{""mon"": ""9-5"", ""tue"": ""9-5""}",2025-02-10 14:44:22,2025-05-09 10:47:37
40,55,1,Integrated leadingedge neural-net,"Back goal clearly care answer truth. By cultural sit president late.
Should strategy choose determine. Better TV three win measure sell. Unit skin entire to protect.",163.15,"{""mon"": ""9-5"", ""tue"": ""9-5""}",2025-06-15 05:13:36,2025-06-04 21:38:57
41,28,3,Focused demand-driven capacity,"Type public real building. Movie provide hotel local set.
Even time item avoid around program. Kitchen attention seem leg charge view require. Threat agreement break inside goal significant foreign.",264.07,"{""mon"": ""9-5"", ""tue"": ""9-5""}",2025-01-30 22:13:04,2025-04-13 13:41:05
42,80,1,Multi-lateral zero administration knowledge user,"Note hundred life energy. Choose degree bit.
Meet may very daughter again follow. Want listen certain reality wait senior several. Employee since huge.",202.27,"{""mon"": ""9-5"", ""tue"": ""9-5""}",2025-02-12 02:23:32,2025-02-13 15:59:54
43,1,7,Ergonomic encompassing superstructure,Many nothing maintain father rest skin daughter short. Site he always suffer arm. System fire pass different poor their lose.,380.91,"{""mon"": ""9-5"", ""tue"": ""9-5""}",2025-01-06 06:38:07,2025-04-01 08:51:29
44,55,5,Robust high-level methodology,"Raise establish rule rest cost suggest bag audience. Relate do just church top step. Few Mr into because.
One training house. He charge everyone.",290.01,"{""mon"": ""9-5"", ""tue"": ""9-5""}",2025-03-03 17:46:27,2025-04-02 09:09:43
45,83,9,Customizable client-server capacity,Defense may serious black parent. Everyone build sea effort near discuss blood result. Security detail hour pull guy interview.,193.73,"{""mon"": ""9-5"", ""tue"": ""9-5""}",2025-04-06 02:43:35,2025-02-18 02:35:04
46,42,9,Mandatory value-added paradigm,Sign travel open minute future another house list. Everyone political find and room. Close car my attention on think. Machine hold join others.,112.05,"{""mon"": ""9-5"", ""tue"": ""9-5""}",2025-06-05 07:36:46,2025-02-26 06:17:04
47,2,1,Distributed real-time analyzer,"Around rest economy hear hospital record. Win raise two myself of return blue field.
Property hot morning my leave. Hotel up visit politics.",269.13,"{""mon"": ""9-5"", ""tue"": ""9-5""}",2025-01-14 09:26:22,2025-04-04 01:44:20
48,91,2,Centralized high-level approach,Too option enough name recent public. Road nearly country safe money condition career. Child drug assume recently song sister.,146.74,"{""mon"": ""9-5"", ""tue"": ""9-5""}",2025-02-04 04:24:54,2025-06-13 20:06:46
49,65,5,Extended optimizing functionalities,"Believe yet some itself floor relate. Tough voice option less.
Top history line professional common. Affect break become cultural eight organization sing.",228.53,"{""mon"": ""9-5"", ""tue"": ""9-5""}",2025-01-16 10:20:55,2025-03-10 03:25:33
50,26,6,Configurable context-sensitive framework,Agreement now almost hundred page under deal officer. Catch risk side hundred since. Road again get include.,437.62,"{""mon"": ""9-5"", ""tue"": ""9-5""}",2025-04-24 05:16:12,2025-06-17 04:26:35
51,57,7,Devolved asynchronous Graphical User Interface,Itself fish war sign traditional almost feel effort. Politics away whom other all number minute former. Education impact eye book strong her late. Yourself realize respond car view plant outside law.,433.97,"{""mon"": ""9-5"", ""tue"": ""9-5""}",2025-07-04 00:17:06,2025-01-19 05:43:58
52,17,3,Integrated disintermediate approach,Site professional technology million right sign arrive nothing. Skill deep will assume fund old. From play issue safe.,145.69,"{""mon"": ""9-5"", ""tue"": ""9-5""}",2025-05-14 15:18:04,2025-03-28 20:20:27
53,68,4,Future-proofed systematic moderator,"Today mean teach hospital. Whom might skin professor source market.
I suffer finish store specific difficult wind. Into walk rate.",54.61,"{""mon"": ""9-5"", ""tue"": ""9-5""}",2025-04-13 19:52:23,2025-02-12 09:18:14
54,79,6,Networked actuating budgetary management,World raise article voice plan four since. Development fine positive which figure. Financial blood themselves power agree stuff continue.,125.1,"{""mon"": ""9-5"", ""tue"": ""9-5""}",2025-01-18 18:44:17,2025-05-11 05:40:54
55,21,7,Phased bottom-line process improvement,"Discussion majority want. First would avoid. Even learn level through add human.
Reveal some wear right future power. Feel significant range evidence woman accept. Check bit miss building however.",173.98,"{""mon"": ""9-5"", ""tue"": ""9-5""}",2025-05-28 03:04:56,2025-04-13 08:17:14
56,78,4,Customer-focused demand-driven monitoring,"Hold material decade oil local. With these because dinner available his event.
Money save necessary. Sort traditional available keep product daughter.",289.01,"{""mon"": ""9-5"", ""tue"": ""9-5""}",2025-06-10 01:52:38,2025-05-13 13:36:24
57,64,2,Compatible scalable system engine,Food perform remain born happy company receive. Value will data step question door front. Simple from public right third economy standard.,324.26,"{""mon"": ""9-5"", ""tue"": ""9-5""}",2025-05-02 00:49:44,2025-06-08 00:42:23
58,87,9,Phased demand-driven strategy,"Help evening help near. Wish program often else month. People prove wife million consumer.
They would allow. Play full provide language. Mother my edge bill final.",384.19,"{""mon"": ""9-5"", ""tue"": ""9-5""}",2025-05-18 18:45:59,2025-05-13 18:22:51
59,14,5,Streamlined client-driven extranet,Else again friend shake your summer. Pressure player program style production. Center rate chance story others.,218.57,"{""mon"": ""9-5"", ""tue"": ""9-5""}",2025-02-19 10:27:41,2025-06-20 01:34:39
60,66,7,Implemented bottom-line framework,"Issue group physical guess. Age night them involve economic thing. Fast live kitchen season.
Score picture best themselves. Art guess space scientist suggest prevent.",267.92,"{""mon"": ""9-5"", ""tue"": ""9-5""}",2025-02-11 21:43:17,2025-02-11 12:20:47
61,85,1,Synchronized asynchronous website,"Movement partner yeah perhaps. Very role factor spring let no group run.
Condition represent move food north receive. Far owner system responsibility happy responsibility.",78.02,"{""mon"": ""9-5"", ""tue"": ""9-5""}",2025-03-04 13:32:24,2025-06-30 11:08:51
62,24,7,Quality-focused real-time core,"Federal argue involve catch life population thousand pressure. Choice campaign agreement wall choose.
Onto show claim able near well. Ability tough spend heavy sign. Evidence first them.",409.82,"{""mon"": ""9-5"", ""tue"": ""9-5""}",2025-06-12 04:40:25,2025-05-06 19:44:59
63,24,9,Public-key grid-enabled throughput,Anything gas individual major charge put. Green fear her low sort sea economic. Something game strong ground training sure.,218.81,"{""mon"": ""9-5"", ""tue"": ""9-5""}",2025-02-28 16:22:30,2025-01-08 18:15:37
64,45,3,Exclusive encompassing firmware,"Marriage try character these surface with wish. Determine yard talk.
Table three always manager building east Mrs. Impact firm church. Figure now that plant well century space hair.",335.64,"{""mon"": ""9-5"", ""tue"": ""9-5""}",2025-01-25 03:28:41,2025-01-29 13:42:48
65,93,7,Re-engineered multi-tasking productivity,Computer garden memory whose message dog serve. Security about show of floor window.,151.39,"{""mon"": ""9-5"", ""tue"": ""9-5""}",2025-05-22 21:36:46,2025-04-03 01:20:57
66,25,7,Optimized value-added application,"Hit black suggest now leader war responsibility. Thing represent security. Difference rise measure store.
Also better same on friend.",81.96,"{""mon"": ""9-5"", ""tue"": ""9-5""}",2025-03-21 20:48:36,2025-02-03 16:00:22
67,29,2,Fully-configurable cohesive superstructure,"Part environment choose baby. Computer miss those color.
Anything especially team laugh though woman. Different there home kitchen represent save. Even radio task language score look during.",386.03,"{""mon"": ""9-5"", ""tue"": ""9-5""}",2025-04-05 17:47:03,2025-03-28 09:07:22
68,59,7,Progressive solution-oriented forecast,North respond church still try carry itself. Television decide its interest leader increase. Accept image there Republican whether.,61.94,"{""mon"": ""9-5"", ""tue"": ""9-5""}",2025-01-11 02:13:51,2025-03-28 02:56:24
69,51,10,Cross-platform impactful help-desk,"Those among anything project. Remember smile Mr. Car quite next song station today world.
Final wife dream not important decide sort. Force wide make hot process reveal.",218.77,"{""mon"": ""9-5"", ""tue"": ""9-5""}",2025-04-23 23:37:08,2025-05-27 12:09:47
70,50,5,Reactive clear-thinking attitude,Wrong change prove her executive beautiful audience. Seek establish general husband. Authority coach minute light force within.,119.35,"{""mon"": ""9-5"", ""tue"": ""9-5""}",2025-05-06 18:30:11,2025-06-30 14:05:04
71,84,10,Reduced global challenge,Southern relate religious probably middle. Mind agree or write reach big. Product spring within so.,419.17,"{""mon"": ""9-5"", ""tue"": ""9-5""}",2025-03-05 03:03:23,2025-06-27 11:12:46
72,3,8,Cross-group asymmetric system engine,Film rock hair anyone window mind write. Popular century more city company water boy building. Size represent civil officer yes practice finally.,83.8,"{""mon"": ""9-5"", ""tue"": ""9-5""}",2025-02-27 21:36:04,2025-02-19 01:40:00
73,27,5,Visionary bi-directional encryption,"Federal once professional bill easy large. Especially beautiful water that.
Minute knowledge save model decision. Though sing success fast five still. Down together though about.",496.27,"{""mon"": ""9-5"", ""tue"": ""9-5""}",2025-02-08 03:12:33,2025-04-20 06:46:45
74,4,1,Open-source 3rdgeneration ability,Network prove each service kitchen behavior anything another. Movement view structure six. Why here Mrs throw environmental cost.,256.54,"{""mon"": ""9-5"", ""tue"": ""9-5""}",2025-05-27 07:23:30,2025-03-22 06:33:14
75,32,5,Fundamental secondary moderator,"Will drive measure environment employee position here. Of attention moment argue.
Later push method under point also let. Than rather notice stop throw prevent future. Wait road camera meeting.",464.17,"{""mon"": ""9-5"", ""tue"": ""9-5""}",2025-03-05 00:07:04,2025-07-08 20:03:22
76,86,10,Centralized multi-tasking collaboration,"Matter popular decision relationship industry stage figure. Likely such song key nature spring.
While son affect improve air water view. Religious child drug operation movie answer though.",386.13,"{""mon"": ""9-5"", ""tue"": ""9-5""}",2025-05-13 09:35:57,2025-03-13 21:30:11
77,46,2,Robust radical algorithm,Pm single officer onto. Must director each argue. Blue green clearly garden respond drop.,205.43,"{""mon"": ""9-5"", ""tue"": ""9-5""}",2025-01-21 16:56:04,2025-06-14 08:24:51
78,97,6,Devolved stable challenge,Knowledge this central understand according to have. Single billion soon. As spring up PM nor stop level material.,328.34,"{""mon"": ""9-5"", ""tue"": ""9-5""}",2025-07-04 04:04:46,2025-01-02 22:58:38
79,5,8,Self-enabling 24hour task-force,"Another yeah education. Third amount seek leave risk out. Bank position interesting song almost expert how.
Traditional choose card artist. Top serve yes once.",252.63,"{""mon"": ""9-5"", ""tue"": ""9-5""}",2025-02-23 01:47:28,2025-05-22 20:55:20
80,77,7,Customizable methodical framework,"Maintain machine management. Thus way summer. Forward stand stage approach color give since sort.
Series spend down pick cold. Attorney stop cold help car left. Amount feel some human.",324.48,"{""mon"": ""9-5"", ""tue"": ""9-5""}",2025-06-30 17:10:23,2025-06-09 07:33:07
81,41,6,Profit-focused responsive matrix,Table right story instead grow mouth toward. Computer sign last machine adult begin.,265.41,"{""mon"": ""9-5"", ""tue"": ""9-5""}",2025-05-03 12:57:31,2025-06-13 18:16:55
82,75,10,Team-oriented disintermediate interface,"Fire after language. Hundred next he.
Able stuff call worry assume ever alone radio. Agent cell response scientist. Data present arm these.",180.25,"{""mon"": ""9-5"", ""tue"": ""9-5""}",2025-01-08 19:12:38,2025-03-21 23:31:20
83,77,9,Distributed national policy,Consumer fly politics whether big. Wide language century sing. Hit old cover particularly discuss technology alone.,127.63,"{""mon"": ""9-5"", ""tue"": ""9-5""}",2025-01-10 06:15:13,2025-06-04 14:39:19
84,33,4,Seamless homogeneous firmware,Up say expect two risk eye leader. Will win hundred collection bring south while way.,421.33,"{""mon"": ""9-5"", ""tue"": ""9-5""}",2025-04-29 15:38:55,2025-03-04 13:48:49
85,49,9,Cloned clear-thinking migration,"His through business career message appear hard. What choose wish politics. Reason least person appear.
International evidence company stop. Half road act check say third piece.",459.75,"{""mon"": ""9-5"", ""tue"": ""9-5""}",2025-02-01 08:36:12,2025-02-23 16:29:09
86,60,8,Diverse analyzing flexibility,Claim ever local light all control. Individual could effect police include his month.,82.25,"{""mon"": ""9-5"", ""tue"": ""9-5""}",2025-06-19 09:16:34,2025-05-30 13:05:47
87,31,4,Upgradable bifurcated challenge,"Control condition member able show across. Product school TV owner.
Fast wonder quality dream thus guess. Live idea understand really.",224.66,"{""mon"": ""9-5"", ""tue"": ""9-5""}",2025-03-31 20:30:04,2025-07-01 12:12:08
88,76,3,Enterprise-wide maximized model,"Significant cause human out catch suddenly fish. Place main edge candidate worker. Some contain later same owner.
Seat part talk make. Or least over feeling spring red possible. Low game top thank.",435.73,"{""mon"": ""9-5"", ""tue"": ""9-5""}",2025-05-14 20:44:50,2025-05-30 10:07:56
89,46,6,Proactive fresh-thinking approach,Approach impact reflect hear her its edge. This both these thing voice story first according. Analysis believe movement dinner.,432.41,"{""mon"": ""9-5"", ""tue"": ""9-5""}",2025-02-08 01:41:22,2025-05-17 09:12:13
90,6,2,Configurable homogeneous toolset,"Project lay glass. Key create different pressure natural. Change another left than mother.
Deep you available store. Right spend exist worry life. Week win view everything.",146.38,"{""mon"": ""9-5"", ""tue"": ""9-5""}",2025-05-13 19:57:48,2025-04-20 05:25:55
91,94,9,Enhanced neutral strategy,"Wife model want. Here treat very along trip. Main whatever page.
Approach commercial compare. Their understand red ready choose agency page.",428.32,"{""mon"": ""9-5"", ""tue"": ""9-5""}",2025-02-15 01:44:51,2025-04-04 20:12:45
92,84,1,Optimized regional synergy,Mission model put happen value. Other born exactly especially body just. Key drug increase off. Detail evening catch walk other.,197.26,"{""mon"": ""9-5"", ""tue"": ""9-5""}",2025-04-04 16:47:38,2025-05-20 15:25:12
93,24,8,Pre-emptive client-server frame,"Become suggest back spring style red among. Everybody dream large so.
State American agency he part poor suddenly. Environmental parent road parent consumer. Trade eye floor community order.",388.3,"{""mon"": ""9-5"", ""tue"": ""9-5""}",2025-03-02 07:51:24,2025-03-11 17:14:56
94,64,5,Quality-focused human-resource infrastructure,"Value prepare real drug Mr.
Lay herself argue cell both. Democrat art amount necessary cut interest.
Send test page join about too information. Attention your pretty product. Explain behind service.",340.04,"{""mon"": ""9-5"", ""tue"": ""9-5""}",2025-03-03 04:38:02,2025-01-05 11:36:51
95,85,10,Quality-focused zero tolerance interface,"Whose accept fine program under something surface never. Town send thank the.
Sing right significant region picture foot foreign detail. Work region customer smile drive.",341.82,"{""mon"": ""9-5"", ""tue"": ""9-5""}",2025-03-03 08:15:59,2025-05-10 16:29:44
96,92,7,Pre-emptive demand-driven secured line,Degree brother pass look hold right agency writer. Pm lay because however account us responsibility. Respond left usually television particular.,286.16,"{""mon"": ""9-5"", ""tue"": ""9-5""}",2025-02-07 11:44:22,2025-04-07 22:55:44
97,21,4,Diverse non-volatile definition,Quality else business. Office body true tax same and. Example beautiful memory record measure type.,497.95,"{""mon"": ""9-5"", ""tue"": ""9-5""}",2025-05-27 15:29:22,2025-03-15 00:14:12
98,28,1,Sharable zero tolerance paradigm,Born pretty class lot anyone involve general. Receive discussion require safe kid wind sound.,281.16,"{""mon"": ""9-5"", ""tue"": ""9-5""}",2025-04-10 06:08:32,2025-05-24 19:28:55
99,87,6,Robust actuating ability,Get list any economy say policy day. Marriage degree baby bad.,297.83,"{""mon"": ""9-5"", ""tue"": ""9-5""}",2025-03-09 11:07:36,2025-01-17 02:06:35
100,46,7,Re-contextualized modular attitude,American option finally son full. Cause tell various staff.,309.6,"{""mon"": ""9-5"", ""tue"": ""9-5""}",2025-02-01 14:37:32,2025-04-12 17:58:56
101,69,4,Operative zero tolerance benchmark,Issue thought build me each. Fact popular tell way forward article. Word later chance mouth anything.,205.86,"{""mon"": ""9-5"", ""tue"": ""9-5""}",2025-06-29 06:38:36,2025-05-27 13:14:30
102,23,4,Operative national protocol,"First he side despite. Staff name religious statement.
Or miss wind bad shoulder do senior. Player want wish chance though. Detail represent game woman glass plan.",64.13,"{""mon"": ""9-5"", ""tue"": ""9-5""}",2025-02-03 16:29:37,2025-01-26 11:55:09
103,64,4,Multi-channeled even-keeled website,"Key charge perhaps hot nothing drive. Staff but rather PM station face.
Business age director which. Red knowledge run way.
Maybe enter south ground interesting commercial coach.",326.71,"{""mon"": ""9-5"", ""tue"": ""9-5""}",2025-01-25 08:37:54,2025-02-07 13:03:06
104,66,6,Advanced asymmetric access,"Since week change produce them training.
Interesting customer without adult truth seven clear. Nothing black TV million.",125.74,"{""mon"": ""9-5"", ""tue"": ""9-5""}",2025-07-04 18:53:31,2025-04-20 06:56:13
105,31,7,Decentralized solution-oriented complexity,Allow heavy mean among thought sort. Occur responsibility operation attention. Civil event well season use.,133.36,"{""mon"": ""9-5"", ""tue"": ""9-5""}",2025-06-07 15:39:07,2025-01-31 18:19:25
106,35,5,Team-oriented hybrid archive,Clear exist think threat final cup baby. News movie heart own. Mind clearly end concern worker bank.,188.92,"{""mon"": ""9-5"", ""tue"": ""9-5""}",2025-03-24 11:23:49,2025-06-22 16:20:19
107,55,4,Optional heuristic intranet,"Me economy necessary occur production economic them. Face fight speak impact each big probably.
Wonder physical woman pass coach federal at firm. Beat than while walk among big.",149.89,"{""mon"": ""9-5"", ""tue"": ""9-5""}",2025-06-15 20:05:57,2025-05-16 15:23:37
108,57,10,Configurable asymmetric access,Expert compare stuff exist song assume remain cold. Defense order none north Democrat old structure. Ten executive decide politics girl first take.,376.99,"{""mon"": ""9-5"", ""tue"": ""9-5""}",2025-03-20 09:26:44,2025-04-08 06:17:11
109,45,10,Reactive empowering product,"Point institution brother cultural network high. Major leader ahead seek everything movie save. Make cause style sure.
Environment behind himself value product nature. Large huge address pattern.",350.48,"{""mon"": ""9-5"", ""tue"": ""9-5""}",2025-03-25 00:49:48,2025-01-11 14:42:26
110,17,1,Cross-group local customer loyalty,Idea glass country should number. Somebody watch any look. Southern image society note president production street.,398.31,"{""mon"": ""9-5"", ""tue"": ""9-5""}",2025-02-12 17:16:12,2025-03-02 18:44:23
111,61,7,Sharable didactic database,"Without compare its back single level. Smile real nearly themselves task free long. Hot get police discussion son recognize prove born.
Ready produce street a man rock. Throw huge put.",276.27,"{""mon"": ""9-5"", ""tue"": ""9-5""}",2025-04-15 18:57:10,2025-03-11 16:34:31
112,2,9,Pre-emptive contextually-based budgetary management,"Consider your paper should go. Fine what find off.
Personal ability industry. Future cell certainly series wall movie.
Term information issue help party education. Want parent activity western.",430.95,"{""mon"": ""9-5"", ""tue"": ""9-5""}",2025-05-22 23:55:04,2025-03-05 03:18:14
113,84,6,Function-based local conglomeration,"Country along indeed Mr my last carry learn. Blue paper foot. Meeting stuff water citizen special build same.
Special Mrs child within. Their song agree why. Painting pull Mr successful management.",448.91,"{""mon"": ""9-5"", ""tue"": ""9-5""}",2025-04-08 13:08:03,2025-02-11 06:19:34
114,46,3,Multi-tiered 4thgeneration instruction set,"Especially image change fact everybody million. End address their most. Nothing rather eight act drug just pressure.
Option do add. Thing shoulder amount series focus cold include.",484.68,"{""mon"": ""9-5"", ""tue"": ""9-5""}",2025-06-04 10:53:29,2025-02-27 16:19:42
115,16,5,Triple-buffered web-enabled matrix,"Increase experience fly imagine activity wait face east.
Hot owner staff hotel. Where turn none rest go offer truth.",386.35,"{""mon"": ""9-5"", ""tue"": ""9-5""}",2025-03-04 11:37:56,2025-01-30 12:28:59
116,66,4,Decentralized zero administration time-frame,Always culture almost during expect college. Color idea would Mr. Factor rest vote represent get.,350.73,"{""mon"": ""9-5"", ""tue"": ""9-5""}",2025-03-30 19:58:29,2025-03-16 07:09:17
117,99,7,Persevering disintermediate methodology,"Be consumer system apply article sound majority. Accept military just throw.
Business couple and. Sing society wrong son. Civil guess but morning minute.",182.26,"{""mon"": ""9-5"", ""tue"": ""9-5""}",2025-02-04 20:07:20,2025-07-07 06:47:54
118,55,4,Devolved coherent application,"Produce agent weight help who door. Cover race reason break type building growth question.
A poor clearly generation place budget court. Already pressure professor condition free choose.",56.07,"{""mon"": ""9-5"", ""tue"": ""9-5""}",2025-06-02 12:57:28,2025-05-13 13:13:44
119,3,4,Mandatory motivating task-force,High generation manage out no claim. Manage star out eye development consumer hold. Board bar nation attention could front.,387.59,"{""mon"": ""9-5"", ""tue"": ""9-5""}",2025-01-11 01:39:18,2025-07-08 14:24:46
120,41,6,Realigned context-sensitive portal,Special go several. Business answer case study.,206.48,"{""mon"": ""9-5"", ""tue"": ""9-5""}",2025-05-21 23:36:16,2025-04-16 19:01:38
121,63,1,Re-engineered solution-oriented forecast,"Hit have of matter record. Run wind similar allow level consider. Country heart tax picture side too.
Myself upon once recently perform past. Agency ago financial present force quickly.",369.96,"{""mon"": ""9-5"", ""tue"": ""9-5""}",2025-05-08 15:53:40,2025-03-10 15:42:28
122,93,5,Horizontal attitude-oriented hierarchy,"Mouth many current upon. Mind speak up friend home government purpose.
Instead use involve data apply enjoy to contain. Popular loss woman democratic together.",70.86,"{""mon"": ""9-5"", ""tue"": ""9-5""}",2025-03-16 08:10:01,2025-01-23 03:11:57
123,40,5,User-centric grid-enabled system engine,"Expert art cost order drive director civil. Any provide tell night cultural. Bed beat fish who close only money.
Party easy keep my market out.",282.0,"{""mon"": ""9-5"", ""tue"": ""9-5""}",2025-01-13 11:22:51,2025-04-13 00:57:40
124,19,2,Organic 24/7 project,"Within whether rate. Himself music lot consumer about. Those marriage health water course build.
Relate others go reach strong. Third especially ability play because. Recognize to finish move soon.",376.97,"{""mon"": ""9-5"", ""tue"": ""9-5""}",2025-04-14 03:52:54,2025-05-01 22:05:03
125,49,1,Enhanced 5thgeneration capacity,Necessary perform large probably sort but number couple. House main receive despite economic responsibility hear. Rather marriage health source foot whether human.,496.93,"{""mon"": ""9-5"", ""tue"": ""9-5""}",2025-02-24 16:38:07,2025-03-31 02:26:53
126,58,1,Customer-focused reciprocal benchmark,Financial in make road use. Return human magazine improve keep detail event. Glass news threat everything hand rather night.,253.07,"{""mon"": ""9-5"", ""tue"": ""9-5""}",2025-04-22 02:34:39,2025-02-15 10:31:15
127,81,4,Exclusive national synergy,Such enough six choice physical positive. Move benefit bit wonder agreement. Kitchen rest interview center officer. Just rock design bad pretty have.,71.12,"{""mon"": ""9-5"", ""tue"": ""9-5""}",2025-01-03 19:13:48,2025-05-18 10:13:37
128,16,7,Cloned needs-based protocol,"That clearly imagine word. Long benefit walk once majority time.
Government evidence allow. Strategy finally drug industry.
Someone foot story full benefit number. Agency down professor.",190.86,"{""mon"": ""9-5"", ""tue"": ""9-5""}",2025-03-28 00:11:32,2025-01-14 16:04:13
129,4,5,Virtual fault-tolerant encryption,Answer professor soon agreement ground he around teach. Stuff likely learn candidate baby soldier recently. Really wall during take happy administration.,305.5,"{""mon"": ""9-5"", ""tue"": ""9-5""}",2025-04-08 01:43:26,2025-02-12 17:24:40
130,10,7,Re-contextualized heuristic support,Involve media heavy cold identify. Marriage some resource minute our speech Republican small. She speak step in.,57.62,"{""mon"": ""9-5"", ""tue"": ""9-5""}",2025-05-30 00:04:39,2025-03-22 07:34:08
131,60,4,Reverse-engineered eco-centric Graphic Interface,"Represent every event thousand. Its ahead mouth charge old. Many stand seem trouble but whole tough but.
Response manage run himself nearly democratic. More teacher next guess raise oil.",241.61,"{""mon"": ""9-5"", ""tue"": ""9-5""}",2025-06-25 01:18:55,2025-03-24 01:16:59
132,42,7,Down-sized dedicated functionalities,"Number figure thought surface what environmental production.
Feeling shake recent couple real wish spring. Idea international continue ready.",358.49,"{""mon"": ""9-5"", ""tue"": ""9-5""}",2025-04-05 12:55:29,2025-06-16 18:20:47
133,35,1,Versatile responsive parallelism,"International share soldier a. Friend hit parent night Mrs.
Finally power car indicate coach such. Mother themselves point minute.
Me treat state enough rule. We available moment successful.",348.09,"{""mon"": ""9-5"", ""tue"": ""9-5""}",2025-04-06 11:28:02,2025-03-04 16:29:20
134,41,5,Expanded high-level adapter,"Student someone site dream us. Night board no really turn.
Government health evening begin career off. Specific certain question already with must.",301.3,"{""mon"": ""9-5"", ""tue"": ""9-5""}",2025-05-05 20:25:26,2025-04-13 18:24:20
135,75,3,Upgradable foreground projection,Approach gas dinner see teach option fly. East any low charge produce wide rest health. Drop action window military animal professional song rest. By store throw various.,96.53,"{""mon"": ""9-5"", ""tue"": ""9-5""}",2025-04-25 19:24:36,2025-01-11 05:19:49
136,44,7,Reactive solution-oriented data-warehouse,"Charge PM part available letter option magazine. Detail rather expert rock near.
Example likely artist scientist financial.
Training area true design media for friend. Ok key build.",99.91,"{""mon"": ""9-5"", ""tue"": ""9-5""}",2025-02-24 21:53:11,2025-03-08 03:58:24
137,50,3,Reduced composite approach,Performance medical interesting often mouth several decide. Safe find special industry star chair. Get tough event apply.,119.12,"{""mon"": ""9-5"", ""tue"": ""9-5""}",2025-01-02 07:32:05,2025-02-21 14:14:34
138,8,7,Synergized homogeneous implementation,"Such point young determine apply night door. Star case firm summer red.
Better perform my executive them hope. Black north Republican society. Either whose throw grow interview season growth.",135.34,"{""mon"": ""9-5"", ""tue"": ""9-5""}",2025-02-17 06:33:03,2025-03-07 18:53:07
139,67,9,Programmable coherent archive,"Listen member road authority. Term language thought. Different score who my feel any human.
Pay sea address officer important. Check miss want kind. Film despite appear claim trip.",117.44,"{""mon"": ""9-5"", ""tue"": ""9-5""}",2025-05-08 13:17:51,2025-06-24 07:07:53
140,26,10,Horizontal needs-based archive,"Particular always bit simple whom write. Break it interview likely garden.
Decide work industry boy white. Ahead really likely bit travel career approach.
Anyone structure leader decade reveal.",157.56,"{""mon"": ""9-5"", ""tue"": ""9-5""}",2025-04-16 11:52:41,2025-07-06 23:59:22
141,8,5,Implemented optimal middleware,Foreign forget half people perhaps century agree. Feeling who story should really technology prepare.,494.97,"{""mon"": ""9-5"", ""tue"": ""9-5""}",2025-06-13 22:29:47,2025-02-07 06:36:32
142,68,2,Focused 3rdgeneration productivity,He this out necessary Congress. Eat happy dream because material close serve. Own writer coach lead success.,117.24,"{""mon"": ""9-5"", ""tue"": ""9-5""}",2025-03-04 19:13:30,2025-04-04 23:41:33
143,73,3,Ameliorated actuating process improvement,"Sign as whether position thousand effort strong. Development minute great few culture of tell.
Feel different city my clearly lead reach.",337.43,"{""mon"": ""9-5"", ""tue"": ""9-5""}",2025-02-19 22:46:31,2025-04-29 17:37:25
144,72,10,Quality-focused transitional capability,"Half hear third book.
Right country eight different guess sing vote type. Can top body become continue common building.
Above free end natural film plant. Read so deep notice. Look a police.",140.27,"{""mon"": ""9-5"", ""tue"": ""9-5""}",2025-04-27 04:58:38,2025-06-16 22:45:25
145,27,9,Switchable user-facing system engine,Situation attention decade dog his indeed expect.,186.07,"{""mon"": ""9-5"", ""tue"": ""9-5""}",2025-07-01 18:27:49,2025-03-27 09:05:34
146,92,2,Centralized web-enabled hierarchy,"Third herself member hand anything style author.
Rate by order able loss cell top. Hold white for fall ten similar reduce. Score sister before water color.",319.49,"{""mon"": ""9-5"", ""tue"": ""9-5""}",2025-02-01 09:13:36,2025-04-21 18:06:27
147,59,10,Mandatory 24/7 pricing structure,"Moment could act think. I rate better. Ability new either meet rock finally school.
Sister nice at mention option our. Reason book total mention should leader down game.",176.74,"{""mon"": ""9-5"", ""tue"": ""9-5""}",2025-06-30 00:07:11,2025-01-17 21:57:44
148,86,1,Business-focused impactful capability,Apply approach party end sense language sport. Task technology realize lay some. Hour pass recent keep.,163.91,"{""mon"": ""9-5"", ""tue"": ""9-5""}",2025-03-15 11:43:40,2025-01-30 15:39:10
149,67,9,Universal bottom-line budgetary management,Peace detail culture pull wonder. Congress which end. To act chair position class car prove.,160.28,"{""mon"": ""9-5"", ""tue"": ""9-5""}",2025-06-07 02:36:12,2025-05-18 05:51:45
150,32,6,Fundamental needs-based capacity,"Fill method seven program tree tonight. Part between staff answer make.
Full offer behavior return participant from. Summer create citizen program.",426.64,"{""mon"": ""9-5"", ""tue"": ""9-5""}",2025-03-05 04:08:45,2025-01-01 20:10:19
151,23,9,Customer-focused bottom-line solution,"Six matter want herself everything among. When statement understand.
Course site back strong interesting alone. Own action stay and. High so area worry campaign almost maintain create.",59.61,"{""mon"": ""9-5"", ""tue"": ""9-5""}",2025-03-21 18:37:15,2025-04-30 02:59:57
152,68,3,Right-sized background function,"Born maintain house smile boy. Beat until follow admit store group green seven. Hair no our owner.
Son source include picture now.
Gas hold quickly wind.",455.13,"{""mon"": ""9-5"", ""tue"": ""9-5""}",2025-06-29 04:15:57,2025-05-10 19:38:36
153,94,10,Customizable incremental analyzer,"Concern check individual partner finally. Response run claim back if hundred design century. Yard on source friend true.
Fine information example will floor. School only cut computer game daughter.",348.64,"{""mon"": ""9-5"", ""tue"": ""9-5""}",2025-02-22 23:19:24,2025-05-10 09:12:03
154,51,4,Optional transitional projection,"Certainly day production north their around career. I director and maybe. Market apply commercial together sister civil.
Face away ten. And project teacher across threat.",408.4,"{""mon"": ""9-5"", ""tue"": ""9-5""}",2025-02-06 16:47:53,2025-02-07 19:12:32
155,70,3,Advanced multi-tasking instruction set,"Cell once last two. So particularly keep lay carry trip special. Clearly always mission address.
Number staff much lawyer task. Hold few attorney president.",169.05,"{""mon"": ""9-5"", ""tue"": ""9-5""}",2025-03-17 12:15:07,2025-06-01 08:24:36
156,10,9,Innovative transitional matrix,Perform floor exactly executive series. Six particularly new current week. Movement soldier truth compare specific by. Into bring line fast.,357.33,"{""mon"": ""9-5"", ""tue"": ""9-5""}",2025-06-15 09:27:01,2025-01-25 12:25:39
157,6,8,Assimilated contextually-based task-force,Small recognize board represent civil everybody. Other space include artist sometimes although smile sure. Old inside not represent machine time hospital.,421.18,"{""mon"": ""9-5"", ""tue"": ""9-5""}",2025-07-05 15:41:15,2025-01-19 14:43:45
158,88,5,Horizontal even-keeled forecast,"Bank two carry meeting its. List director man want.
In cell free statement pick also beat certain. Example firm east middle. Modern common outside civil just great.",278.42,"{""mon"": ""9-5"", ""tue"": ""9-5""}",2025-04-11 23:56:49,2025-01-08 23:50:47
159,7,6,Monitored bandwidth-monitored access,"Fall adult its single board behind Republican need. Want test tree tough.
Quite mother everyone yard father.",479.26,"{""mon"": ""9-5"", ""tue"": ""9-5""}",2025-02-16 06:03:44,2025-05-05 12:47:54
160,41,1,Business-focused incremental info-mediaries,"Bar state successful west interest.
Resource argue there treat huge. Than others main trouble safe memory garden.
Administration remain religious security. Inside result simply environmental defense.",181.74,"{""mon"": ""9-5"", ""tue"": ""9-5""}",2025-06-13 06:56:22,2025-05-15 13:03:10
161,26,8,Robust system-worthy definition,"Feeling blue call somebody see agreement read. Political manager baby finally.
Poor usually section possible. Really city class avoid also spring ten. Explain change effect much high director.",169.35,"{""mon"": ""9-5"", ""tue"": ""9-5""}",2025-01-07 22:51:53,2025-01-29 00:04:19
162,1,4,Customizable static protocol,"Set yet company attorney. So cause pull begin.
Hour partner full bad draw later country. Half remember subject fly. Newspaper but trade meeting.
Activity close dream expert indicate professional.",421.82,"{""mon"": ""9-5"", ""tue"": ""9-5""}",2025-05-06 22:28:18,2025-03-10 20:47:44
163,9,4,Profound context-sensitive projection,"Plan for early action network behavior hear. Whom risk be. Follow feel enjoy.
Involve fund college. Way kind box loss drive financial unit. Since himself foot specific.",203.82,"{""mon"": ""9-5"", ""tue"": ""9-5""}",2025-05-09 22:07:04,2025-04-08 04:56:10
164,53,4,Reduced national array,"Here investment collection smile medical that when.
Republican where hair need. Parent item thank discuss career.",79.19,"{""mon"": ""9-5"", ""tue"": ""9-5""}",2025-01-06 07:58:22,2025-04-07 12:03:54
165,53,5,Managed bottom-line budgetary management,Should use write out clear perhaps. Show wide apply including light certain.,441.88,"{""mon"": ""9-5"", ""tue"": ""9-5""}",2025-01-12 07:11:50,2025-03-02 17:30:53
166,63,8,Up-sized reciprocal model,"Store in stuff wait open. Front pass education officer week attorney. Allow easy heart whole as evidence expert.
Too thing head growth win to. Off evening smile me woman top race feel.",272.42,"{""mon"": ""9-5"", ""tue"": ""9-5""}",2025-04-20 00:21:59,2025-03-03 08:28:33
167,23,1,Centralized reciprocal throughput,Car these else yourself life glass bed. Detail each state beautiful most.,235.3,"{""mon"": ""9-5"", ""tue"": ""9-5""}",2025-04-11 20:30:08,2025-03-15 17:59:53
168,14,9,Decentralized bottom-line productivity,"Although interest national on south why. Choice positive deal about window hundred. Test study bag in.
Safe according fire pretty Republican. Per western seven reduce need.",299.7,"{""mon"": ""9-5"", ""tue"": ""9-5""}",2025-06-09 00:27:46,2025-02-10 05:25:43
169,16,9,Synergized multi-tasking model,"Wonder along still month sister claim. During prevent only have.
Make among ago. Decade into girl scientist language middle. Level condition service middle.",464.76,"{""mon"": ""9-5"", ""tue"": ""9-5""}",2025-04-16 08:49:32,2025-01-05 10:00:59
170,33,9,Cross-platform value-added capacity,Though dinner meeting with ten number message. Without sport wide which value word. Book scientist only rock perhaps.,277.96,"{""mon"": ""9-5"", ""tue"": ""9-5""}",2025-04-08 06:52:37,2025-02-19 00:11:11
171,60,9,Implemented static strategy,"Treat allow store into major thing language low. Easy think investment discussion blood. How side whole service discuss.
Movement old case commercial read character article draw.",262.77,"{""mon"": ""9-5"", ""tue"": ""9-5""}",2025-02-14 09:10:19,2025-03-31 03:08:04
172,58,7,Cross-platform background software,"Area wind fast ball course. Me dream his employee discuss effort option.
Question page deep former decide front. Sure later interesting every.",157.25,"{""mon"": ""9-5"", ""tue"": ""9-5""}",2025-05-28 06:18:49,2025-05-02 18:16:24
173,93,10,Optional didactic analyzer,"Institution because guess able. Toward American goal road game serve garden. He generation talk.
Build image describe dog watch network war. Table economy local word check table hotel.",363.11,"{""mon"": ""9-5"", ""tue"": ""9-5""}",2025-04-22 12:27:34,2025-03-01 17:50:24
174,79,2,Inverse value-added customer loyalty,"Research myself maybe budget. Heavy son travel effect.
Evidence will table production recently. Commercial none color weight.",103.81,"{""mon"": ""9-5"", ""tue"": ""9-5""}",2025-01-24 17:28:16,2025-06-25 12:39:28
175,53,3,Team-oriented interactive Local Area Network,Movie national natural morning policy sense garden majority. Better old industry popular about. Sport second score film pick.,318.75,"{""mon"": ""9-5"", ""tue"": ""9-5""}",2025-07-02 19:29:43,2025-01-03 00:41:37
176,20,5,Innovative optimizing core,"Case animal position cover. His wife focus practice sign different power.
Live under behind off such never.",273.36,"{""mon"": ""9-5"", ""tue"": ""9-5""}",2025-06-01 15:40:13,2025-03-17 08:01:31
177,81,3,Open-architected didactic adapter,"Act set way among. First side discuss across avoid drive. Attack along hear leader.
Lot concern bag church simply kid sense since. Level say different lose respond study.",149.51,"{""mon"": ""9-5"", ""tue"": ""9-5""}",2025-04-27 16:01:41,2025-01-19 16:10:13
178,43,4,Pre-emptive encompassing definition,Middle degree high purpose large large. Time question rather control rise wrong. Manager sing really who cause site way.,268.41,"{""mon"": ""9-5"", ""tue"": ""9-5""}",2025-02-19 13:32:35,2025-05-18 14:47:47
179,94,3,Fundamental even-keeled matrix,"Lawyer hope level recent. Up while push. Poor cover usually body ground room way.
Beat fire drop politics. It society weight their early. Conference recent toward.",198.96,"{""mon"": ""9-5"", ""tue"": ""9-5""}",2025-04-28 22:59:20,2025-05-01 05:43:15
180,48,10,Customizable zero administration moderator,"Daughter make worry. Mind this customer current kid range. The somebody spring.
Also film police film bad. Issue push customer like often thus help.",255.3,"{""mon"": ""9-5"", ""tue"": ""9-5""}",2025-03-01 02:12:58,2025-04-06 00:25:07
181,42,5,Multi-channeled bandwidth-monitored time-frame,Film remain same action five charge enjoy. Next car trouble system. Soldier order visit idea kid.,157.13,"{""mon"": ""9-5"", ""tue"": ""9-5""}",2025-05-19 02:10:12,2025-01-28 21:45:42
182,66,3,Organized cohesive orchestration,"Win ball record pressure. Able media bit stuff thought. View later window.
Lawyer order his not. Others service lawyer. Floor natural attention own little. Truth really bag boy you drop.",457.45,"{""mon"": ""9-5"", ""tue"": ""9-5""}",2025-02-19 02:20:20,2025-01-07 14:59:40
183,17,5,Up-sized demand-driven paradigm,"Third forward sell past woman issue good top. Although power civil onto return believe.
Event leg all buy be. Concern manage work able view. Choose son environment.",237.68,"{""mon"": ""9-5"", ""tue"": ""9-5""}",2025-04-15 00:49:35,2025-05-30 20:12:31
184,5,10,Ergonomic client-server middleware,"Area statement week kind course tree hold. Effort star even it. Since interview behind somebody there response.
Those store follow debate. Soldier chance experience trial despite TV.",58.6,"{""mon"": ""9-5"", ""tue"": ""9-5""}",2025-05-06 23:56:23,2025-02-02 21:56:29
185,28,1,Stand-alone object-oriented forecast,"Policy black perhaps easy our maintain improve paper. Seek admit thing great friend assume.
General up really hope lot. Serious choose fight magazine issue feeling begin.",467.96,"{""mon"": ""9-5"", ""tue"": ""9-5""}",2025-05-25 21:18:45,2025-04-09 04:44:10
186,86,9,Business-focused heuristic paradigm,"Machine character event early wish voice tell election. Garden remember why color small.
Wrong style success sound character ability. Never guess pass force.",186.82,"{""mon"": ""9-5"", ""tue"": ""9-5""}",2025-06-22 09:47:30,2025-06-01 06:52:36
187,95,5,Reactive fresh-thinking process improvement,Join today say morning above now strategy. Already themselves visit lawyer create report. Up between reach color through.,242.82,"{""mon"": ""9-5"", ""tue"": ""9-5""}",2025-06-19 20:20:54,2025-03-22 07:30:20
188,55,10,Switchable responsive firmware,Sort live listen perform Democrat beat research left. Remain school his old produce here. If special individual what.,348.06,"{""mon"": ""9-5"", ""tue"": ""9-5""}",2025-02-18 23:41:01,2025-06-25 15:45:22
189,45,6,Customizable heuristic toolset,Stage while take. Moment trouble beautiful many. Law election save range billion.,119.1,"{""mon"": ""9-5"", ""tue"": ""9-5""}",2025-01-19 19:52:31,2025-04-22 23:01:17
190,8,1,Balanced fault-tolerant concept,Able most gas leader game. Look nor day wonder and method any. Game person bill section article focus.,61.36,"{""mon"": ""9-5"", ""tue"": ""9-5""}",2025-06-07 17:40:02,2025-03-25 19:21:24
191,12,5,Reactive 3rdgeneration secured line,"Heavy guy history friend. Money herself according sign support.
Green reveal team look language wind. Maintain blue debate carry artist general. Likely space hundred open series process.",453.8,"{""mon"": ""9-5"", ""tue"": ""9-5""}",2025-06-05 13:47:51,2025-03-01 16:52:43
192,88,10,Synergized encompassing monitoring,Certainly hand step father animal policy democratic season. Front employee occur population property race rate experience.,272.63,"{""mon"": ""9-5"", ""tue"": ""9-5""}",2025-01-27 21:47:47,2025-03-19 23:56:27
193,81,2,Fully-configurable 3rdgeneration infrastructure,"Financial few city pick enough sit reflect include. Suddenly work suffer week.
In back time bed skin. Second fire rest experience north computer.
Day office herself their. Garden carry rise food.",193.74,"{""mon"": ""9-5"", ""tue"": ""9-5""}",2025-06-24 07:40:27,2025-06-10 09:29:39
194,67,9,Self-enabling reciprocal definition,"Follow smile able. Box point near experience best stock.
Traditional beat since once. Whether next dinner eye street role fact.
Left foot agreement civil court medical create over.",62.57,"{""mon"": ""9-5"", ""tue"": ""9-5""}",2025-03-27 11:53:44,2025-03-21 12:18:05
195,85,8,Diverse hybrid collaboration,"Sense plant role stop miss.
Kitchen discuss stand region challenge add. Box someone represent continue follow author network.",214.58,"{""mon"": ""9-5"", ""tue"": ""9-5""}",2025-03-25 23:41:09,2025-04-17 19:43:43
196,58,10,Ameliorated global challenge,"Try necessary impact live character worker such. Stop serious admit everyone floor all race. Tell expect effort may.
Door contain establish usually team.",174.71,"{""mon"": ""9-5"", ""tue"": ""9-5""}",2025-02-24 00:43:15,2025-06-27 21:16:45
197,10,8,Grass-roots web-enabled website,Like deep every design also whatever. Collection heart loss court base. According whose wear.,114.91,"{""mon"": ""9-5"", ""tue"": ""9-5""}",2025-05-30 23:35:29,2025-04-05 04:45:34
198,70,2,Compatible optimal solution,"History stage upon out property. Report customer enough federal. Like science across garden support.
His at this discover guess left. Son chair manager interview. Commercial game candidate during.",342.68,"{""mon"": ""9-5"", ""tue"": ""9-5""}",2025-01-31 12:22:37,2025-01-15 15:23:22
199,64,2,Persistent non-volatile interface,"Six his generation. Wall career value. Despite feel director green hair history play deep.
Position exactly believe again reduce response. Fight check then Congress.",416.91,"{""mon"": ""9-5"", ""tue"": ""9-5""}",2025-05-08 18:31:37,2025-02-03 00:36:21
200,47,1,Synchronized tertiary complexity,"Position door source politics. Raise there remember college. Listen medical while movement born.
Thank read sometimes. Structure any today impact. Close measure her at mention require.",156.28,"{""mon"": ""9-5"", ""tue"": ""9-5""}",2025-04-23 23:48:57,2025-01-13 07:42:09
201,98,9,Distributed bi-directional matrices,Forward talk fund moment director card help law. Church policy sea rule director. Material blood us wish cell Mrs agency hold.,170.9,"{""mon"": ""9-5"", ""tue"": ""9-5""}",2025-05-31 11:51:18,2025-06-24 12:46:58
202,83,6,De-engineered mobile protocol,"Congress organization institution quality school student. Stop travel agreement own wait.
Government society scene treatment as. Company walk floor ready.",314.57,"{""mon"": ""9-5"", ""tue"": ""9-5""}",2025-01-12 07:01:48,2025-05-20 08:17:15
203,59,7,Customer-focused holistic system engine,"Clearly environment eye pretty leave. Sometimes pick bring rock difference shake.
Forget education bed. Including couple many trade any.",389.56,"{""mon"": ""9-5"", ""tue"": ""9-5""}",2025-04-22 08:06:35,2025-01-27 10:44:08
204,30,8,Future-proofed neutral system engine,"People lot day. Huge south kitchen civil wall try sit society. Less age become order difficult.
Will outside morning pretty together data.
Quite example face whose film five pass.",495.61,"{""mon"": ""9-5"", ""tue"": ""9-5""}",2025-06-25 03:39:22,2025-05-20 17:34:42
205,66,7,Re-engineered directional architecture,Hard its under anything state information. Account because wide. Yard TV child film young plan.,380.05,"{""mon"": ""9-5"", ""tue"": ""9-5""}",2025-06-21 05:35:42,2025-03-31 20:32:19
206,38,7,Reactive asymmetric parallelism,Black administration ability eat security push wide husband. On dog sing people entire today. Course staff recently country walk collection say can.,149.66,"{""mon"": ""9-5"", ""tue"": ""9-5""}",2025-03-12 15:36:29,2025-06-16 16:37:11
207,76,1,Compatible 4thgeneration capacity,"Forward end bar soon share.
Pass blue enough model claim. Car standard leg hope finally coach source. Girl central make general they participant.",380.3,"{""mon"": ""9-5"", ""tue"": ""9-5""}",2025-01-04 01:43:05,2025-02-15 01:45:58
208,44,3,Realigned motivating Graphic Interface,"Style last forget magazine name. Race happy enter. Change skin open treat either head.
Any strategy more raise somebody individual art. Story list education necessary executive left.",54.68,"{""mon"": ""9-5"", ""tue"": ""9-5""}",2025-03-08 23:05:23,2025-05-15 20:17:54
209,20,2,Function-based national solution,"Ball artist carry. As child through even prevent get find. Exactly choice agent suggest. Region international identify born final we.
Fear dream husband per student others within.",381.02,"{""mon"": ""9-5"", ""tue"": ""9-5""}",2025-06-25 07:20:12,2025-03-24 23:27:04
210,27,6,Multi-layered bandwidth-monitored policy,"Positive test spring open or because mission. Short hotel list night. Indeed theory conference already.
Moment glass glass attention necessary camera act. Sound wall charge score property few.",464.27,"{""mon"": ""9-5"", ""tue"": ""9-5""}",2025-06-05 00:08:23,2025-01-14 06:13:02
211,67,8,Customizable system-worthy database,"Lead challenge protect lot choice represent off.
Difficult card may science. Statement guy meet which cold skin.
Issue place western marriage thus term away. Near successful quickly fine.",413.95,"{""mon"": ""9-5"", ""tue"": ""9-5""}",2025-01-24 03:49:16,2025-04-16 22:00:55
212,67,3,Up-sized systemic structure,"Today culture in model sea. Too movie interview most organization nothing. Myself least good Mrs that boy.
Necessary mission arm tell thing involve. Enjoy treatment role.",431.49,"{""mon"": ""9-5"", ""tue"": ""9-5""}",2025-01-15 18:36:24,2025-04-25 01:19:02
213,98,1,Multi-tiered incremental portal,Section night bad line. Question rock usually support compare charge current fear. Mention board bill white interesting. Account say fund entire house.,480.28,"{""mon"": ""9-5"", ""tue"": ""9-5""}",2025-04-07 11:22:55,2025-01-10 18:52:25
214,73,4,Customer-focused even-keeled moderator,"Take night step agent. Need many time pull.
Religious why bit several policy. Artist agreement whom perform order those here during. Total everything adult rest probably.",60.58,"{""mon"": ""9-5"", ""tue"": ""9-5""}",2025-04-17 10:25:09,2025-06-16 14:37:36
215,91,3,Persistent homogeneous website,"Whom probably room indeed enough attorney show or. American put house nation board.
International prepare in join ask suffer. Pay Republican analysis. Lawyer hour hair executive city music.",282.11,"{""mon"": ""9-5"", ""tue"": ""9-5""}",2025-05-01 09:58:23,2025-01-16 15:40:57
216,88,2,De-engineered regional architecture,"Computer say discover situation wall take. Nothing good force western. Information less thousand study camera since.
Congress into movement my itself agreement. Out become author chair region.",226.33,"{""mon"": ""9-5"", ""tue"": ""9-5""}",2025-04-23 07:18:53,2025-04-26 23:35:27
217,38,1,Phased dynamic budgetary management,"Thing build read by. Affect cultural despite. Image age us paper enough visit watch morning.
Spend cultural billion cultural month why growth. Summer wonder big down.",282.09,"{""mon"": ""9-5"", ""tue"": ""9-5""}",2025-06-14 17:03:23,2025-06-11 23:14:14
218,59,5,Upgradable holistic data-warehouse,"Job both kind environment hold push.
Large theory rather finish. Culture enjoy pay black direction. Buy fast shake cover.
Nearly yeah training account during. Movie my form really.",354.6,"{""mon"": ""9-5"", ""tue"": ""9-5""}",2025-03-23 15:14:12,2025-07-08 10:11:56
219,68,10,Quality-focused clear-thinking algorithm,"Energy environment which concern into allow. Rule book provide trip election.
Early newspaper someone impact. Beyond ago writer stand wide.",191.79,"{""mon"": ""9-5"", ""tue"": ""9-5""}",2025-01-27 04:41:23,2025-01-13 03:14:35
220,90,3,Extended fault-tolerant complexity,"Change seat main way. Close manage think hotel west age.
Environmental cause many their agent by game. Enter car contain under accept.",446.69,"{""mon"": ""9-5"", ""tue"": ""9-5""}",2025-01-14 10:18:21,2025-05-10 14:16:22
221,18,4,Sharable well-modulated customer loyalty,Four actually structure many doctor herself anyone.,260.62,"{""mon"": ""9-5"", ""tue"": ""9-5""}",2025-03-11 12:19:50,2025-06-27 10:06:37
222,26,3,De-engineered explicit application,"Simply much issue serious despite type help Mr. Believe experience fight church board star.
Radio gun all spring. Sell receive avoid paper bring finish. Situation option else agree our no.",305.83,"{""mon"": ""9-5"", ""tue"": ""9-5""}",2025-07-07 15:53:04,2025-04-07 17:51:27
223,98,5,Persistent encompassing productivity,"Author very page later. Blue southern perhaps. Study where month rock continue character.
Structure suffer can six store. Edge develop season Democrat. Seem bed third push defense maintain other.",333.34,"{""mon"": ""9-5"", ""tue"": ""9-5""}",2025-01-22 17:04:37,2025-03-21 10:16:37
224,54,9,Versatile clear-thinking matrix,"Drug top TV that write feel admit now.
Now radio somebody process beyond. Whole structure play how oil school.
Gun reality trade difficult pay large special. Why determine top move writer someone.",198.54,"{""mon"": ""9-5"", ""tue"": ""9-5""}",2025-02-15 00:47:56,2025-05-15 09:13:51
225,77,4,Reduced bottom-line portal,Trip field to understand. Relate chair from final.,455.76,"{""mon"": ""9-5"", ""tue"": ""9-5""}",2025-05-20 21:37:20,2025-07-06 14:23:45
226,10,4,Total explicit contingency,Pm near likely federal. Same mother executive past think line safe. Expect every could according.,80.9,"{""mon"": ""9-5"", ""tue"": ""9-5""}",2025-02-27 14:14:29,2025-04-17 15:11:15
227,5,7,Front-line bi-directional firmware,"Card great coach home ball since. Land world social tell.
Interest many put it music. How eight ten third somebody however color. Capital church significant training certain try.",300.58,"{""mon"": ""9-5"", ""tue"": ""9-5""}",2025-06-12 04:23:13,2025-03-27 02:07:35
228,4,6,Operative multi-tasking array,"Man study catch out clear southern town.
Probably be citizen three maybe close. Adult store message Republican inside. Against trip herself the see form big.",432.64,"{""mon"": ""9-5"", ""tue"": ""9-5""}",2025-03-15 23:43:29,2025-01-14 05:12:00
229,77,9,Sharable methodical parallelism,"Compare stage peace there already.
Floor hospital interview service save necessary. Affect ago cell next store. Affect pattern law add human yes instead.",70.31,"{""mon"": ""9-5"", ""tue"": ""9-5""}",2025-03-22 01:08:16,2025-05-17 06:49:51
230,20,10,Automated neutral task-force,Keep several between and west condition system. Director affect radio state current everything store camera. Five guess fish science.,211.62,"{""mon"": ""9-5"", ""tue"": ""9-5""}",2025-04-03 08:37:33,2025-01-19 02:37:15
231,69,10,Intuitive high-level ability,Run executive institution. Table white end only else identify few. Develop grow bank really.,61.08,"{""mon"": ""9-5"", ""tue"": ""9-5""}",2025-01-11 05:43:55,2025-01-09 21:57:56
232,89,7,Synergistic 4thgeneration synergy,Magazine source edge box condition. However rise front people base vote wear democratic.,147.11,"{""mon"": ""9-5"", ""tue"": ""9-5""}",2025-04-21 13:46:33,2025-03-10 08:28:10
233,93,8,Multi-lateral systematic service-desk,"Need civil group could son well less. Nothing land foreign major bill.
Need resource guess she. Follow discuss newspaper thousand two. High chance eat professional sound. Exist industry over.",462.35,"{""mon"": ""9-5"", ""tue"": ""9-5""}",2025-03-29 16:48:27,2025-03-25 12:48:40
234,87,3,Re-engineered stable data-warehouse,"Yes beat none situation your. Player yourself common tell chair red research actually.
Later education man. Husband street building including until.",410.24,"{""mon"": ""9-5"", ""tue"": ""9-5""}",2025-04-28 20:51:46,2025-03-16 20:20:37
235,47,6,Cross-platform bifurcated strategy,"Effect challenge team agency fine. Protect nothing career special.
Identify decade hand save ok room. Animal guess product partner. I bar behind enough early course.",325.01,"{""mon"": ""9-5"", ""tue"": ""9-5""}",2025-06-16 11:06:55,2025-02-14 01:41:43
236,63,6,Multi-lateral background model,Wide paper body wife least similar. Discover bit drop financial sense story.,150.78,"{""mon"": ""9-5"", ""tue"": ""9-5""}",2025-03-02 12:40:37,2025-02-28 15:10:14
237,64,7,Assimilated regional contingency,"Think situation clearly green bit table center. Even follow dark off work.
Girl prove bag much information former operation. Money college finish may.",339.31,"{""mon"": ""9-5"", ""tue"": ""9-5""}",2025-06-07 03:01:40,2025-06-12 05:35:34
238,55,9,Multi-channeled content-based secured line,"Rate citizen writer very candidate. Drug group little production avoid.
Box include certainly share.
Spring people body eye must. Dog increase employee detail government alone.",232.91,"{""mon"": ""9-5"", ""tue"": ""9-5""}",2025-04-30 18:16:52,2025-06-26 13:22:48
239,2,7,Adaptive cohesive productivity,Would lot just official office center now. Reason group something protect with include put whom.,460.34,"{""mon"": ""9-5"", ""tue"": ""9-5""}",2025-05-17 00:09:17,2025-01-03 00:23:58
240,35,5,Customer-focused uniform migration,"Write home total design decision four road. Nation key start ability tell little. Before scientist color force.
Someone line standard strong. Cover strong debate place people.",215.59,"{""mon"": ""9-5"", ""tue"": ""9-5""}",2025-06-10 18:45:47,2025-06-22 17:20:31
241,7,6,Synergistic client-server policy,"Her base available also form.
Staff join worry baby town especially prevent social. Case response night half choose condition campaign shoulder. Clearly huge among concern high.",169.11,"{""mon"": ""9-5"", ""tue"": ""9-5""}",2025-04-23 00:07:16,2025-03-25 15:36:45
242,81,9,Organized heuristic monitoring,Without company actually relationship least trip day. Also I everything in. Case model plan when ten dinner ever.,367.84,"{""mon"": ""9-5"", ""tue"": ""9-5""}",2025-03-03 05:12:15,2025-03-11 22:47:09
243,78,9,Open-source eco-centric collaboration,As next listen better increase any. Important particular model. Our together no nor wall wonder carry ago. Material like along mother white lay food.,234.83,"{""mon"": ""9-5"", ""tue"": ""9-5""}",2025-05-16 13:22:58,2025-06-10 19:40:49
244,91,6,Assimilated impactful knowledge user,"While answer head assume fact. Pull eight marriage our.
Defense enjoy affect skin hundred. Or never break course city.
Federal kid box. On case on worker little. Life tend eye.",266.44,"{""mon"": ""9-5"", ""tue"": ""9-5""}",2025-06-30 10:13:33,2025-06-28 22:04:19
245,18,9,Centralized next generation flexibility,"Red recently about network free recent. Almost rest animal almost write.
Vote provide old some agreement. Play treatment heavy want must step mention.",351.07,"{""mon"": ""9-5"", ""tue"": ""9-5""}",2025-02-15 10:26:42,2025-06-25 12:17:26
246,73,4,Configurable 24hour help-desk,"Method add three will thus kind. Involve early beat doctor real she pick.
Reduce how style less. Career company share store. This trial power himself whose look town.",486.88,"{""mon"": ""9-5"", ""tue"": ""9-5""}",2025-01-09 00:05:23,2025-05-22 16:46:56
247,64,2,Object-based logistical concept,Difficult always art senior. Admit fear current rise close local. What themselves individual do.,177.01,"{""mon"": ""9-5"", ""tue"": ""9-5""}",2025-05-15 05:00:27,2025-03-19 05:56:40
248,22,9,Upgradable 4thgeneration customer loyalty,"Nothing within dinner woman radio line. Us central church father very.
Fall change place section magazine. Heart successful position pretty history.
At among kitchen argue. Born quality safe get.",433.45,"{""mon"": ""9-5"", ""tue"": ""9-5""}",2025-06-27 14:29:50,2025-02-05 06:10:20
249,48,5,Focused responsive challenge,Day give pay writer evidence that focus book. Three anything claim reflect herself if. Without soon teacher hand fight eat.,63.99,"{""mon"": ""9-5"", ""tue"": ""9-5""}",2025-04-22 09:13:28,2025-01-09 00:58:11
250,57,7,Pre-emptive fault-tolerant definition,"Would likely wind statement evidence. Radio speech voice yes white.
Thank federal often actually game. Democrat identify reduce by trial thank. Long wind together measure rate stand.",73.55,"{""mon"": ""9-5"", ""tue"": ""9-5""}",2025-02-17 14:44:36,2025-01-28 15:53:50
251,72,8,Versatile system-worthy extranet,"List north politics available institution. Site conference interesting ask behavior great if.
Region smile start successful. Property human part. These kind decade be main.",380.68,"{""mon"": ""9-5"", ""tue"": ""9-5""}",2025-06-07 05:44:28,2025-04-06 11:34:21
252,59,5,Grass-roots foreground matrices,However majority oil. Easy per ten increase section only minute act. One short difference institution require. Fall tend often notice hand nothing get.,144.68,"{""mon"": ""9-5"", ""tue"": ""9-5""}",2025-05-24 20:33:47,2025-06-05 18:14:01
253,92,5,Diverse 24/7 extranet,"Usually authority here than. Author while prepare your course themselves finally add.
Age office protect kind summer wrong spring. Or keep boy later pretty note finally.",217.17,"{""mon"": ""9-5"", ""tue"": ""9-5""}",2025-01-23 16:25:17,2025-05-02 23:47:49
254,81,10,Public-key optimal adapter,"Course themselves full head other. Identify part level he worker employee free. Smile people painting world.
Share understand would nor. Baby boy exist quality start agree.",462.85,"{""mon"": ""9-5"", ""tue"": ""9-5""}",2025-04-11 05:29:45,2025-05-02 11:24:58
255,82,5,Adaptive attitude-oriented product,"Southern positive large create within determine.
Choose oil seat today during.
Direction drive learn do rich. Lawyer challenge seat.
Message check watch light investment best decide machine.",79.71,"{""mon"": ""9-5"", ""tue"": ""9-5""}",2025-07-09 09:23:34,2025-07-02 17:00:41
256,69,1,Ergonomic 5thgeneration instruction set,"Feel organization control our. Perhaps nearly finish that project. Capital degree senior stay.
Often Mr talk range language very table push. Have pick magazine growth.",462.83,"{""mon"": ""9-5"", ""tue"": ""9-5""}",2025-02-24 12:17:11,2025-01-14 10:33:45
257,49,4,Open-source regional intranet,"Officer face resource amount offer participant article. Control become project black.
Drop than something subject despite. Choose cut those man can.",71.12,"{""mon"": ""9-5"", ""tue"": ""9-5""}",2025-04-22 10:35:48,2025-02-15 20:30:46
258,4,8,Mandatory actuating algorithm,Picture half inside fact president body any. Quickly miss another. There official all special around campaign case.,301.29,"{""mon"": ""9-5"", ""tue"": ""9-5""}",2025-02-06 21:50:30,2025-05-23 08:40:29
259,85,8,Virtual clear-thinking orchestration,"Town not produce matter. Former they happen authority natural letter sing.
Radio technology north learn house various. Well ready media own travel.",117.25,"{""mon"": ""9-5"", ""tue"": ""9-5""}",2025-04-03 12:55:48,2025-04-15 23:11:17
260,14,9,Customizable national methodology,"Turn present particular I service must. Help realize news himself girl his they.
Exactly industry former. Science PM professional direction already business.",74.19,"{""mon"": ""9-5"", ""tue"": ""9-5""}",2025-05-25 15:13:42,2025-05-18 10:54:22
261,14,7,Fundamental 3rdgeneration portal,"Run house scientist at military concern. Attention civil how employee raise seven wind.
Yourself wonder teach measure staff everyone local. Reality the close beyond ready blue really.",243.39,"{""mon"": ""9-5"", ""tue"": ""9-5""}",2025-03-26 06:18:32,2025-05-07 03:28:42
262,48,2,Upgradable tangible software,Force none reduce most allow air cup stuff. Price style bed pressure while under court. Poor action part similar ok trip close.,208.52,"{""mon"": ""9-5"", ""tue"": ""9-5""}",2025-06-04 06:08:46,2025-02-23 00:47:28
263,61,4,Profit-focused solution-oriented matrix,"Must after past determine address wrong.
Today country trade claim fall effort career range. Happen hit election blood red thank article draw. Firm impact sport hand true former lawyer.",102.04,"{""mon"": ""9-5"", ""tue"": ""9-5""}",2025-02-22 06:04:25,2025-05-21 00:49:51
264,76,1,Enhanced real-time product,"Discuss song hope election pattern power. Cost by able watch event herself sing.
North as cut event far image seven. Consumer help rather minute billion police affect.",345.69,"{""mon"": ""9-5"", ""tue"": ""9-5""}",2025-01-10 17:06:56,2025-02-05 19:34:11
265,86,2,Up-sized 3rdgeneration algorithm,"Figure add thing senior history piece. East kid from discussion common hear. Learn break wrong action city lawyer standard.
Morning statement but business. Color world wife house involve sport.",404.1,"{""mon"": ""9-5"", ""tue"": ""9-5""}",2025-02-03 07:24:05,2025-01-15 20:45:39
266,15,7,Team-oriented composite focus group,Rather expect represent father save local. While consider college rather between sort describe. Eat personal remember.,407.96,"{""mon"": ""9-5"", ""tue"": ""9-5""}",2025-06-19 21:06:07,2025-05-19 17:25:09
267,15,8,Business-focused executive process improvement,"Table like main shake.
And positive economy occur. Job listen gun strong. Team process wish national car skin.
From figure sometimes. Happen course image huge clearly. Establish first morning few.",88.17,"{""mon"": ""9-5"", ""tue"": ""9-5""}",2025-02-23 05:35:09,2025-04-05 04:40:02
268,40,3,Fully-configurable actuating info-mediaries,"Knowledge agent brother help bit. Fire sister check build full.
Community challenge wrong environment. Skill sit participant after figure without. Skill cause figure pick remember.",205.17,"{""mon"": ""9-5"", ""tue"": ""9-5""}",2025-05-15 02:23:40,2025-05-26 14:27:26
269,89,6,Optional zero-defect intranet,"Mission case production author party. Reach collection any gas.
American democratic see pass. Statement song small economy pattern challenge true. Research point strong purpose during water today.",269.19,"{""mon"": ""9-5"", ""tue"": ""9-5""}",2025-04-13 04:44:30,2025-05-15 21:00:58
270,43,9,Team-oriented real-time installation,"Theory close hair available. If after loss care show I plant television. Trial green respond recognize he represent.
One of former fight visit. Wide name writer.",202.85,"{""mon"": ""9-5"", ""tue"": ""9-5""}",2025-06-07 08:04:19,2025-07-02 13:23:56
271,28,4,Up-sized coherent encoding,"Education movie door stop attack. Almost color challenge no blue. Even short with interest girl forward society.
Prevent social understand energy life process. Less nation consider animal.",346.15,"{""mon"": ""9-5"", ""tue"": ""9-5""}",2025-05-14 15:08:18,2025-02-16 17:11:53
272,28,7,Upgradable grid-enabled Internet solution,Money clear when agree federal. Third bar return help health president Republican short. Leg claim tough Mrs system measure. Note in thought run evidence exist air.,381.67,"{""mon"": ""9-5"", ""tue"": ""9-5""}",2025-05-01 05:13:38,2025-01-06 11:18:51
273,85,4,Devolved didactic core,Teach order customer author before piece. Scientist others some them.,400.99,"{""mon"": ""9-5"", ""tue"": ""9-5""}",2025-05-02 14:29:28,2025-01-19 10:10:41
274,100,3,Pre-emptive directional data-warehouse,Conference else owner own report executive meeting. Interview add show seek throughout growth.,210.02,"{""mon"": ""9-5"", ""tue"": ""9-5""}",2025-06-20 00:52:49,2025-03-20 08:12:03
275,15,10,Realigned needs-based capability,Research certain road move thus teach system. Street herself improve price people doctor.,257.73,"{""mon"": ""9-5"", ""tue"": ""9-5""}",2025-01-12 16:51:13,2025-02-25 08:55:44
276,88,9,Operative explicit website,"Including century also population. Represent especially wish great future. Positive including class bed free toward.
Character know run relationship apply subject. Next treat kitchen article woman.",61.9,"{""mon"": ""9-5"", ""tue"": ""9-5""}",2025-05-27 07:40:35,2025-02-18 10:26:20
277,93,4,Team-oriented high-level function,"Figure radio visit police beyond full environmental. Step brother tell.
Impact prove special next. Eye leave report plant situation. Late American poor inside conference guy.",77.19,"{""mon"": ""9-5"", ""tue"": ""9-5""}",2025-04-21 20:17:44,2025-05-15 10:29:06
278,70,6,Intuitive maximized Internet solution,Majority peace design usually type. Across simply too there piece.,94.41,"{""mon"": ""9-5"", ""tue"": ""9-5""}",2025-04-25 16:20:08,2025-06-20 00:02:01
279,62,8,Organic non-volatile throughput,Chair dream walk inside. Defense notice thing scientist. Situation country how direction government bring everything.,328.44,"{""mon"": ""9-5"", ""tue"": ""9-5""}",2025-02-01 07:32:50,2025-06-24 07:33:20
280,82,5,Ergonomic zero administration superstructure,"Happy understand arrive try. Seven couple yes too go TV.
Executive decade agency. Laugh course exist safe. For just film participant war impact.",348.75,"{""mon"": ""9-5"", ""tue"": ""9-5""}",2025-04-17 08:22:13,2025-07-09 06:46:54
281,25,9,Optimized heuristic definition,"Nearly research how wear nor leader air. Successful cold or sport small fast too.
List group most minute whatever too along.",75.12,"{""mon"": ""9-5"", ""tue"": ""9-5""}",2025-01-29 06:43:09,2025-03-06 19:52:51
282,20,2,Phased 24/7 productivity,"Career ten direction end walk so. Interest environment send contain finish interview court.
Order about treat option hotel. Heart Republican memory information environment.",435.59,"{""mon"": ""9-5"", ""tue"": ""9-5""}",2025-01-25 07:18:06,2025-03-05 17:36:18
283,91,3,Balanced didactic superstructure,"Often expect interview. Personal hand whole.
Rock style anyone federal green wall water.
View because present political force. Argue through direction however.",243.18,"{""mon"": ""9-5"", ""tue"": ""9-5""}",2025-03-20 01:04:51,2025-05-02 02:24:54
284,13,3,Function-based actuating analyzer,"Record imagine speak really wish after. Color let front central economy reduce growth.
Analysis relationship result return civil. Issue sort senior act somebody partner TV.",160.54,"{""mon"": ""9-5"", ""tue"": ""9-5""}",2025-03-01 10:19:36,2025-04-03 15:52:08
285,33,9,Up-sized heuristic methodology,Mr those project read push sign western. Product site your away believe. Painting also speech read.,238.62,"{""mon"": ""9-5"", ""tue"": ""9-5""}",2025-01-11 21:52:13,2025-01-12 05:09:57
286,90,1,Face-to-face composite attitude,"Trip fine event just on. Look coach image require production store second. Mr herself explain these loss.
East large top court form student know must. Newspaper identify nice mission.",262.9,"{""mon"": ""9-5"", ""tue"": ""9-5""}",2025-06-08 11:56:39,2025-04-22 07:33:57
287,44,8,Progressive dedicated pricing structure,"Outside trial company during. Machine forget participant bill truth item. Wonder wish name direction.
Science require shoulder. Determine receive week chance.",366.81,"{""mon"": ""9-5"", ""tue"": ""9-5""}",2025-04-22 16:19:30,2025-07-02 20:49:14
288,62,4,Progressive next generation intranet,"Beyond agreement live reduce finally structure. Hope it wait project something trial.
Somebody old smile expect. Effect friend sense we car safe.",227.65,"{""mon"": ""9-5"", ""tue"": ""9-5""}",2025-01-06 23:43:38,2025-06-04 07:03:05
289,53,1,Robust explicit parallelism,"Security agreement character. Value which every particular sell three imagine.
Life assume partner now best yourself weight. Hand the through.",201.2,"{""mon"": ""9-5"", ""tue"": ""9-5""}",2025-03-30 03:11:53,2025-03-05 18:01:31
290,4,2,Fundamental web-enabled initiative,Catch owner fire. Past power thousand many. Subject himself large both trial establish.,497.85,"{""mon"": ""9-5"", ""tue"": ""9-5""}",2025-02-09 01:07:23,2025-01-11 00:30:46
291,17,10,Phased human-resource function,"Tv participant would street can whose conference. Between federal might enter heart major marriage. Watch onto theory born small pick all.
West which rock. Spend high your race.",212.17,"{""mon"": ""9-5"", ""tue"": ""9-5""}",2025-01-16 21:44:46,2025-03-29 14:27:44
292,45,2,Networked neutral system engine,"Outside you human happen million management admit. President wrong pay discover.
Seat authority answer leader understand. Off themselves detail few. Where region its yourself send nature.",159.03,"{""mon"": ""9-5"", ""tue"": ""9-5""}",2025-02-08 19:04:43,2025-02-12 03:53:21
293,55,4,Re-contextualized needs-based open system,Rich kitchen father art staff. Another very return although discover later. Water true everyone decide board yourself quite.,453.88,"{""mon"": ""9-5"", ""tue"": ""9-5""}",2025-06-04 04:23:02,2025-02-03 02:22:01
294,57,9,Customer-focused contextually-based capacity,"Chair option American market. Everyone suddenly head throughout section.
American at grow full certainly surface. Avoid course history all. Summer floor seat another require speak.",391.32,"{""mon"": ""9-5"", ""tue"": ""9-5""}",2025-05-20 22:46:43,2025-02-28 23:12:14
295,21,2,Self-enabling bi-directional support,Sign indicate choose back there name. Authority help base receive draw miss. Include might girl. Wall live likely movie.,180.52,"{""mon"": ""9-5"", ""tue"": ""9-5""}",2025-03-07 22:03:56,2025-04-09 11:08:24
296,39,4,Progressive grid-enabled attitude,"Model themselves first agency city politics. Certain know need team popular threat beat subject.
Class defense wide word. Nice increase center worker.",65.8,"{""mon"": ""9-5"", ""tue"": ""9-5""}",2025-05-26 10:05:40,2025-05-08 19:28:07
297,76,1,Multi-layered hybrid data-warehouse,"Five whole interesting billion question again war. Cut environment everything ground travel what.
Property paper nation bag. Church guess economy.",308.69,"{""mon"": ""9-5"", ""tue"": ""9-5""}",2025-04-22 19:14:53,2025-06-21 19:27:37
298,88,9,Multi-channeled stable system engine,"Glass book score run I understand interview. Have history because describe turn unit.
Course light brother five over. State leader successful reality good onto country.",338.74,"{""mon"": ""9-5"", ""tue"": ""9-5""}",2025-02-10 18:17:06,2025-06-05 11:05:31
299,55,6,User-friendly asymmetric conglomeration,"Help rule wind hope attention each. Past fine arrive.
Everybody city follow water. Despite usually follow national occur city.",83.35,"{""mon"": ""9-5"", ""tue"": ""9-5""}",2025-01-06 01:39:46,2025-01-01 15:07:23
300,17,5,Implemented modular knowledgebase,"Knowledge strong local certainly change doctor. Prevent behavior official why. Compare kitchen now process.
Network upon whether truth name line. Case anything president purpose research.",246.16,"{""mon"": ""9-5"", ""tue"": ""9-5""}",2025-06-22 22:23:34,2025-01-26 07:26:09
